match_id,player1,player2,elapsed_time,set_no,game_no,point_no,p1_sets,p2_sets,p1_games,p2_games,p1_score,p2_score,server,serve_no,point_victor,p1_points_won,p2_points_won,game_victor,set_victor,p1_ace,p2_ace,p1_winner,p2_winner,winner_shot_type,p1_double_fault,p2_double_fault,p1_unf_err,p2_unf_err,p1_net_pt,p2_net_pt,p1_net_pt_won,p2_net_pt_won,p1_break_pt,p2_break_pt,p1_break_pt_won,p2_break_pt_won,p1_break_pt_missed,p2_break_pt_missed,p1_distance_run,p2_distance_run,rally_count,speed_mph,serve_width,serve_depth,return_depth,comprehensive_momentum_1,comprehensive_momentum_2,serve_width_B,serve_width_BC,serve_width_BW,serve_width_C,serve_width_W,serve_depth_CTL,serve_depth_NCTL,return_depth_D,return_depth_ND
2023-wimbledon-1405,Jannik Sinner,Daniel Elahi Galan,00:00:00,1,1,1,0,0,0,0,0,0,2,1,2,0,1,0,0,0,0,0,1,F,0,0,0,0,0,1,0,1,0,0,0,0,0,0,19.789,20.381,7,117.0,BW,NCTL,ND,0.0,0.0,0,0,1,0,0,0,1,0,1
2023-wimbledon-1405,Jannik Sinner,Daniel Elahi Galan,00:00:32,1,1,2,0,0,0,0,0,15,2,2,1,1,1,0,0,0,0,0,0,0,0,0,0,0,0,0,0,0,0,0,0,0,0,0,13.265,12.613,4,93.0,B,NCTL,ND,-0.023073114754098362,0.027673114754098362,1,0,0,0,0,0,1,0,1
2023-wimbledon-1405,Jannik Sinner,Daniel Elahi Galan,00:01:08,1,1,3,0,0,0,0,15,15,2,2,1,2,1,0,0,0,0,0,0,0,0,0,0,1,0,0,0,0,0,0,0,0,0,0,17.384,20.467,6,96.0,B,NCTL,ND,-0.04611290793442623,0.05742674793442623,1,0,0,0,0,0,1,0,1
2023-wimbledon-1405,Jannik Sinner,Daniel Elahi Galan,00:01:50,1,1,4,0,0,0,0,30,15,2,1,2,2,2,0,0,0,1,0,1,0,0,0,0,0,0,0,0,0,0,0,0,0,0,0,0.971,1.131,1,119.0,W,CTL,,-0.044535322077405376,0.059177657774685394,0,0,0,0,1,1,0,0,0
2023-wimbledon-1405,Jannik Sinner,Daniel Elahi Galan,00:02:15,1,1,5,0,0,0,0,30,30,2,1,2,2,3,0,0,0,0,0,0,0,0,0,0,0,0,0,0,0,0,0,0,0,0,0,0.934,0.87,1,130.0,C,CTL,,-0.03987227662795907,0.060291864063161574,0,0,0,1,0,1,0,0,0
2023-wimbledon-1405,Jannik Sinner,Daniel Elahi Galan,00:02:38,1,1,6,0,0,0,0,30,40,2,2,2,2,4,2,0,0,0,0,0,0,0,0,0,0,0,0,0,0,0,0,0,0,0,0,19.632,17.523,5,89.0,BW,NCTL,ND,-0.052562299140500465,0.08887804891725598,0,0,1,0,0,0,1,0,1
2023-wimbledon-1405,Jannik Sinner,Daniel Elahi Galan,00:03:47,1,2,7,0,0,0,1,0,0,1,1,2,2,5,0,0,0,0,0,0,0,0,0,0,0,0,0,0,0,0,0,0,0,0,0,5.839,12.857,2,120.0,B,NCTL,D,-0.10248523258554904,0.17018089023609145,1,0,0,0,0,0,1,1,0
2023-wimbledon-1405,Jannik Sinner,Daniel Elahi Galan,00:04:09,1,2,8,0,0,0,1,0,15,1,2,1,3,5,0,0,0,0,0,0,0,0,0,0,1,0,0,0,0,0,0,0,0,0,0,26.701,50.934,7,98.0,B,NCTL,D,-0.20791637656189743,0.32697605431819154,1,0,0,0,0,0,1,1,0
2023-wimbledon-1405,Jannik Sinner,Daniel Elahi Galan,00:04:57,1,2,9,0,0,0,1,15,15,1,2,1,4,5,0,0,0,0,0,0,0,0,0,0,0,0,0,0,0,0,0,0,0,0,0,2.36,4.091,1,101.0,C,NCTL,ND,-0.3270571535465828,0.5264729560674184,0,0,0,1,0,0,1,0,1
2023-wimbledon-1405,Jannik Sinner,Daniel Elahi Galan,00:05:44,1,2,10,0,0,0,1,30,15,1,2,2,4,6,0,0,0,0,0,0,0,0,0,0,0,0,0,0,0,0,0,0,0,0,0,20.644,19.766,4,96.0,B,NCTL,ND,-0.42818104972518906,0.7187813748471136,1,0,0,0,0,0,1,0,1
2023-wimbledon-1405,Jannik Sinner,Daniel Elahi Galan,00:06:30,1,2,11,0,0,0,1,30,30,1,1,1,5,6,0,0,0,0,1,0,B,0,0,0,0,1,0,1,0,0,0,0,0,0,0,12.03,13.995,3,118.0,W,CTL,ND,-0.5363412548619024,0.9456498079477613,0,0,0,0,1,1,0,0,1
2023-wimbledon-1405,Jannik Sinner,Daniel Elahi Galan,00:07:00,1,2,12,0,0,0,1,40,30,1,1,1,6,6,1,0,0,0,0,0,0,0,0,0,0,0,0,0,0,0,0,0,0,0,0,4.123,4.979,1,116.0,B,NCTL,ND,-0.3997438352087791,0.9190080492223086,1,0,0,0,0,0,1,0,1
2023-wimbledon-1405,Jannik Sinner,Daniel Elahi Galan,00:07:38,1,3,13,0,0,1,1,0,0,2,2,1,7,6,0,0,0,0,0,0,0,0,0,0,0,0,0,0,0,0,0,0,0,0,0,13.121,13.184,4,101.0,B,NCTL,ND,-0.46529401762802347,1.198953989358879,1,0,0,0,0,0,1,0,1
2023-wimbledon-1405,Jannik Sinner,Daniel Elahi Galan,00:08:17,1,3,14,0,0,1,1,15,0,2,1,2,7,7,0,0,0,0,0,1,F,0,0,0,0,1,0,0,0,0,0,0,0,0,0,29.526,21.285,7,123.0,BW,NCTL,ND,-0.7106878443312626,1.487830331540756,0,0,1,0,0,0,1,0,1
2023-wimbledon-1405,Jannik Sinner,Daniel Elahi Galan,00:08:51,1,3,15,0,0,1,1,15,15,2,2,1,8,7,0,0,0,0,0,0,0,0,0,0,1,0,0,0,0,0,0,0,0,0,0,23.368,25.065,8,104.0,BC,NCTL,ND,-0.7113076740630311,1.4922404831694973,0,1,0,0,0,0,1,0,1
2023-wimbledon-1405,Jannik Sinner,Daniel Elahi Galan,00:09:40,1,3,16,0,0,1,1,30,15,2,1,1,9,7,0,0,0,0,1,0,B,0,0,0,0,0,0,0,0,0,0,0,0,0,0,19.782,13.489,4,125.0,C,NCTL,ND,-0.47110192019631414,1.2291808926119876,0,0,0,1,0,0,1,0,1
2023-wimbledon-1405,Jannik Sinner,Daniel Elahi Galan,00:10:16,1,3,17,0,0,1,1,40,15,2,1,2,9,8,0,0,0,0,0,1,F,0,0,0,0,0,0,0,0,1,0,0,0,1,0,11.304,9.581,3,127.0,C,NCTL,ND,0.04298424875428192,0.6658518352147262,0,0,0,1,0,0,1,0,1
2023-wimbledon-1405,Jannik Sinner,Daniel Elahi Galan,00:10:48,1,3,18,0,0,1,1,40,30,2,2,2,9,9,0,0,0,0,0,1,F,0,0,0,0,0,0,0,0,1,0,0,0,1,0,41.141,44.462,9,94.0,BW,CTL,ND,0.8281025775324731,-0.06603216598985766,0,0,1,0,0,1,0,0,1
2023-wimbledon-1405,Jannik Sinner,Daniel Elahi Galan,00:11:57,1,3,19,0,0,1,1,40,40,2,1,1,10,9,0,0,0,0,1,0,B,0,0,0,0,0,1,0,0,0,0,0,0,0,0,12.929,11.969,4,123.0,C,NCTL,ND,1.2364640472569846,-0.44983177102887184,0,0,0,1,0,0,1,0,1
2023-wimbledon-1405,Jannik Sinner,Daniel Elahi Galan,00:12:33,1,3,20,0,0,1,1,AD,40,2,1,2,10,10,0,0,0,0,0,0,0,0,0,0,0,0,0,0,0,1,0,0,0,1,0,3.494,2.871,1,119.0,W,CTL,ND,1.4241649577556692,-0.6001519173842029,0,0,0,0,1,1,0,0,1
2023-wimbledon-1405,Jannik Sinner,Daniel Elahi Galan,00:12:59,1,3,21,0,0,1,1,40,40,2,1,2,10,11,0,0,0,0,0,0,0,0,0,0,0,0,0,0,0,0,0,0,0,0,0,6.508,8.606,1,126.0,BC,CTL,ND,1.9146310493692555,-0.9627782558409785,0,1,0,0,0,1,0,0,1
2023-wimbledon-1405,Jannik Sinner,Daniel Elahi Galan,00:13:21,1,3,22,0,0,1,1,40,AD,2,1,2,10,12,2,0,0,0,0,0,0,0,0,0,0,0,0,0,0,0,0,0,0,0,0,7.942,8.428,1,125.0,C,NCTL,ND,2.108265994836923,-1.0497054743208998,0,0,0,1,0,0,1,0,1
2023-wimbledon-1405,Jannik Sinner,Daniel Elahi Galan,00:15:07,1,4,23,0,0,1,2,0,0,1,2,1,11,12,0,0,0,0,0,0,0,0,0,0,1,0,0,0,0,0,0,0,0,0,0,14.808,18.581,5,102.0,C,NCTL,D,1.7921366148655122,-0.8722466462994701,0,0,0,1,0,0,1,1,0
2023-wimbledon-1405,Jannik Sinner,Daniel Elahi Galan,00:15:44,1,4,24,0,0,1,2,15,0,1,1,1,12,12,0,0,0,0,0,0,0,0,0,0,1,0,0,0,0,0,0,0,0,0,0,15.175,18.165,5,122.0,C,NCTL,D,1.3236876027074926,-0.4143418325593645,0,0,0,1,0,0,1,1,0
2023-wimbledon-1405,Jannik Sinner,Daniel Elahi Galan,00:16:13,1,4,25,0,0,1,2,30,0,1,1,1,13,12,0,0,1,0,1,0,0,0,0,0,0,0,0,0,0,0,0,0,0,0,0,3.635,4.13,1,128.0,C,CTL,D,1.2054350420052187,-0.2893882083154743,0,0,0,1,0,1,0,1,0
2023-wimbledon-1405,Jannik Sinner,Daniel Elahi Galan,00:16:35,1,4,26,0,0,1,2,40,0,1,2,1,14,12,1,0,0,0,0,0,0,0,0,0,1,0,0,0,0,0,0,0,0,0,0,8.33,8.909,3,104.0,BC,NCTL,ND,0.917111031534881,0.10897413519010199,0,1,0,0,0,0,1,0,1
2023-wimbledon-1405,Jannik Sinner,Daniel Elahi Galan,00:17:27,1,5,27,0,0,2,2,0,0,2,1,1,15,12,0,0,0,0,0,0,0,0,0,0,1,0,0,0,0,0,0,0,0,0,0,8.354,6.448,2,99.0,BW,NCTL,ND,0.5173123309544075,0.728065393284794,0,0,1,0,0,0,1,0,1
2023-wimbledon-1405,Jannik Sinner,Daniel Elahi Galan,00:17:52,1,5,28,0,0,2,2,15,0,2,2,2,15,13,0,0,0,0,0,1,F,0,0,0,0,0,1,0,1,0,0,0,0,0,0,45.349,41.806,13,90.0,BW,NCTL,ND,0.3305804515594926,0.8735205860453288,0,0,1,0,0,0,1,0,1
2023-wimbledon-1405,Jannik Sinner,Daniel Elahi Galan,00:18:50,1,5,29,0,0,2,2,15,15,2,1,2,15,14,0,0,0,0,0,0,0,0,0,1,0,0,0,0,0,0,0,0,0,0,0,17.071,18.341,5,113.0,BW,NCTL,ND,0.5209405943484774,0.6697109393917848,0,0,1,0,0,0,1,0,1
2023-wimbledon-1405,Jannik Sinner,Daniel Elahi Galan,00:19:24,1,5,30,0,0,2,2,15,30,2,1,2,15,15,0,0,0,1,0,1,0,0,0,0,0,0,0,0,0,0,0,0,0,0,0,0.814,0.696,1,118.0,W,CTL,,0.4654575066167987,0.7750064021032572,0,0,0,0,1,1,0,0,0
2023-wimbledon-1405,Jannik Sinner,Daniel Elahi Galan,00:19:42,1,5,31,0,0,2,2,15,40,2,1,2,15,16,2,0,0,1,0,1,0,0,0,0,0,0,0,0,0,0,0,0,0,0,0,0.752,0.746,1,115.0,W,CTL,,0.6145613944140165,0.6634407041830233,0,0,0,0,1,1,0,0,0
2023-wimbledon-1405,Jannik Sinner,Daniel Elahi Galan,00:21:31,1,6,32,0,0,2,3,0,0,1,1,1,16,16,0,0,0,0,0,0,0,0,0,0,0,0,0,0,0,0,0,0,0,0,0,1.198,2.125,1,113.0,W,CTL,,0.9279448539829669,0.3728517150826492,0,0,0,0,1,1,0,0,0
2023-wimbledon-1405,Jannik Sinner,Daniel Elahi Galan,00:21:53,1,6,33,0,0,2,3,15,0,1,2,2,16,17,0,0,0,0,0,0,0,1,0,1,0,0,0,0,0,0,0,0,0,0,0,7.291,6.704,0,,B,CTL,D,1.4166638528976865,-0.11214002576799596,1,0,0,0,0,1,0,1,0
2023-wimbledon-1405,Jannik Sinner,Daniel Elahi Galan,00:22:26,1,6,34,0,0,2,3,15,15,1,1,2,16,18,0,0,0,0,0,0,0,0,0,1,0,1,0,0,0,0,0,0,0,0,0,18.241,18.658,4,120.0,W,NCTL,D,1.5758401691829294,-0.2747362566374493,0,0,0,0,1,0,1,1,0
2023-wimbledon-1405,Jannik Sinner,Daniel Elahi Galan,00:22:58,1,6,35,0,0,2,3,15,30,1,1,2,16,19,0,0,0,0,0,1,F,0,0,0,0,0,0,0,0,0,0,0,0,0,0,26.866,32.167,10,124.0,C,NCTL,D,1.3826650020458902,-0.13397450136735017,0,0,0,1,0,0,1,1,0
2023-wimbledon-1405,Jannik Sinner,Daniel Elahi Galan,00:23:40,1,6,36,0,0,2,3,15,40,1,1,1,17,19,0,0,0,0,0,0,0,0,0,0,0,0,0,0,0,0,1,0,0,0,1,3.628,4.944,1,116.0,W,CTL,ND,0.8896982323533956,0.28194764501940234,0,0,0,0,1,1,0,0,1
2023-wimbledon-1405,Jannik Sinner,Daniel Elahi Galan,00:24:04,1,6,37,0,0,2,3,30,40,1,1,1,18,19,0,0,1,0,1,0,0,0,0,0,0,0,0,0,0,0,1,0,0,0,1,0.816,1.61,1,127.0,C,NCTL,,0.15350755011488143,0.9482716828431885,0,0,0,1,0,0,1,0,0
2023-wimbledon-1405,Jannik Sinner,Daniel Elahi Galan,00:24:27,1,6,38,0,0,2,3,40,40,1,1,2,18,20,0,0,0,0,0,0,0,0,0,1,0,0,0,0,0,0,0,0,0,0,0,23.21,34.881,6,121.0,BC,NCTL,D,-0.7239506551176826,1.8546051315940906,0,1,0,0,0,0,1,1,0
2023-wimbledon-1405,Jannik Sinner,Daniel Elahi Galan,00:25:06,1,6,39,0,0,2,3,40,AD,1,1,1,19,20,0,0,0,0,0,0,0,0,0,0,0,0,0,0,0,0,1,0,0,0,1,5.231,7.204,1,124.0,C,NCTL,ND,-1.2289358537624488,2.3802382078933677,0,0,0,1,0,0,1,0,1
2023-wimbledon-1405,Jannik Sinner,Daniel Elahi Galan,00:25:32,1,6,40,0,0,2,3,40,40,1,2,1,20,20,0,0,0,0,0,0,0,0,0,0,0,0,0,0,0,0,0,0,0,0,0,5.807,4.812,1,103.0,C,NCTL,ND,-1.480798062429661,2.6666403876101157,0,0,0,1,0,0,1,0,1
2023-wimbledon-1405,Jannik Sinner,Daniel Elahi Galan,00:26:09,1,6,41,0,0,2,3,AD,40,1,2,1,21,20,1,0,0,0,0,0,0,0,0,0,0,0,0,0,0,0,0,0,0,0,0,4.524,5.475,1,96.0,B,NCTL,ND,-1.5009198065082696,2.7232808714323866,1,0,0,0,0,0,1,0,1
2023-wimbledon-1405,Jannik Sinner,Daniel Elahi Galan,00:27:01,1,7,42,0,0,3,3,0,0,2,1,1,22,20,0,0,0,0,0,0,0,0,0,0,0,1,0,1,0,0,0,0,0,0,0,34.967,34.244,6,116.0,BW,NCTL,ND,-1.2781059727423199,2.3539118689065255,0,0,1,0,0,0,1,0,1
2023-wimbledon-1405,Jannik Sinner,Daniel Elahi Galan,00:27:36,1,7,43,0,0,3,3,15,0,2,1,2,22,21,0,0,0,0,0,0,0,0,0,1,0,0,0,0,0,0,0,0,0,0,0,88.571,49.125,13,118.0,BC,NCTL,ND,-1.2733321788794736,2.2157829654622487,0,1,0,0,0,0,1,0,1
2023-wimbledon-1405,Jannik Sinner,Daniel Elahi Galan,00:28:37,1,7,44,0,0,3,3,15,15,2,1,2,22,22,0,0,0,0,0,0,0,0,0,0,0,0,0,0,0,0,0,0,0,0,0,8.087,5.937,1,118.0,W,CTL,D,-1.0041846508692698,1.9121677103298607,0,0,0,0,1,1,0,1,0
2023-wimbledon-1405,Jannik Sinner,Daniel Elahi Galan,00:29:02,1,7,45,0,0,3,3,15,30,2,1,2,22,23,0,0,0,0,0,0,0,0,0,1,0,0,0,0,0,0,0,0,0,0,0,19.079,9.494,3,113.0,BW,NCTL,D,-0.49664624906184063,1.475110061349928,0,0,1,0,0,0,1,1,0
2023-wimbledon-1405,Jannik Sinner,Daniel Elahi Galan,00:29:29,1,7,46,0,0,3,3,15,40,2,1,2,22,24,2,0,0,0,0,1,F,0,0,0,0,0,0,0,0,0,0,0,0,0,0,11.573,9.84,3,119.0,W,CTL,ND,0.2604973646110401,0.8831362948506202,0,0,0,0,1,1,0,0,1
2023-wimbledon-1405,Jannik Sinner,Daniel Elahi Galan,00:31:10,1,8,47,0,0,3,4,0,0,1,1,1,23,24,0,0,0,0,0,0,0,0,0,0,0,0,0,0,0,0,0,0,0,0,0,4.18,5.339,1,118.0,BC,NCTL,ND,0.6971779095744479,0.6444403095184392,0,1,0,0,0,0,1,0,1
2023-wimbledon-1405,Jannik Sinner,Daniel Elahi Galan,00:31:32,1,8,48,0,0,3,4,15,0,1,2,1,24,24,0,0,0,0,1,0,F,0,0,0,0,0,0,0,0,0,0,0,0,0,0,19.706,21.388,5,97.0,B,NCTL,D,0.6909174264463831,0.5788954077460635,1,0,0,0,0,0,1,1,0
2023-wimbledon-1405,Jannik Sinner,Daniel Elahi Galan,00:32:18,1,8,49,0,0,3,4,30,0,1,1,1,25,24,0,0,0,0,1,0,B,0,0,0,0,1,0,1,0,0,0,0,0,0,0,10.778,17.178,3,116.0,W,CTL,,1.005645481986232,0.27569702213016045,0,0,0,0,1,1,0,0,0
2023-wimbledon-1405,Jannik Sinner,Daniel Elahi Galan,00:32:48,1,8,50,0,0,3,4,40,0,1,2,1,26,24,1,0,0,0,0,0,0,0,0,0,1,0,0,0,0,0,0,0,0,0,0,3.287,7.611,1,108.0,BC,NCTL,D,1.0847566988491986,0.20332027688016707,0,1,0,0,0,0,1,1,0
2023-wimbledon-1405,Jannik Sinner,Daniel Elahi Galan,00:33:40,1,9,51,0,0,4,4,0,0,2,2,2,26,25,0,0,0,0,0,0,0,0,0,0,0,0,0,0,0,0,0,0,0,0,0,4.61,4.14,1,98.0,C,NCTL,,0.9707155812600643,0.3154535026243253,0,0,0,1,0,0,1,0,0
2023-wimbledon-1405,Jannik Sinner,Daniel Elahi Galan,00:34:13,1,9,52,0,0,4,4,0,15,2,1,2,26,26,0,0,0,0,0,0,0,0,0,0,0,0,0,0,0,0,0,0,0,0,0,10.3,9.163,1,118.0,W,CTL,D,0.6465209546956094,0.623648946606943,0,0,0,0,1,1,0,1,0
2023-wimbledon-1405,Jannik Sinner,Daniel Elahi Galan,00:34:36,1,9,53,0,0,4,4,0,30,2,1,2,26,27,0,0,0,0,0,0,0,0,0,0,0,0,1,0,1,0,0,0,0,0,0,18.825,14.43,3,117.0,W,CTL,ND,0.10184544718114542,1.2325385934624606,0,0,0,0,1,1,0,0,1
2023-wimbledon-1405,Jannik Sinner,Daniel Elahi Galan,00:35:02,1,9,54,0,0,4,4,0,40,2,1,2,26,28,2,0,0,1,0,1,0,0,0,0,0,0,0,0,0,0,0,0,0,0,0,0.831,1.099,1,121.0,W,CTL,,0.0025521273755361243,1.3885584364530343,0,0,0,0,1,1,0,0,0
2023-wimbledon-1405,Jannik Sinner,Daniel Elahi Galan,00:36:53,1,10,55,0,0,4,5,0,0,1,2,1,27,28,0,0,0,0,1,0,F,0,0,0,0,0,0,0,0,0,0,0,0,0,0,8.909,11.574,3,105.0,W,NCTL,D,0.08640462641664448,1.3504512956475976,0,0,0,0,1,0,1,1,0
2023-wimbledon-1405,Jannik Sinner,Daniel Elahi Galan,00:37:30,1,10,56,0,0,4,5,15,0,1,1,1,28,28,0,0,0,0,1,0,F,0,0,0,0,1,0,1,0,0,0,0,0,0,0,8.419,7.28,3,130.0,BW,NCTL,ND,0.36983265441316104,1.1560472044166847,0,0,1,0,0,0,1,0,1
2023-wimbledon-1405,Jannik Sinner,Daniel Elahi Galan,00:37:58,1,10,57,0,0,4,5,30,0,1,1,2,28,29,0,0,0,0,0,1,F,0,0,0,0,0,0,0,0,0,0,0,0,0,0,9.691,22.602,4,113.0,W,CTL,ND,0.8752514420484373,0.6680662513410893,0,0,0,0,1,1,0,0,1
2023-wimbledon-1405,Jannik Sinner,Daniel Elahi Galan,00:38:36,1,10,58,0,0,4,5,30,15,1,2,2,28,30,0,0,0,0,0,0,0,0,0,1,0,1,0,0,0,0,0,0,0,0,0,26.671,23.88,6,90.0,B,NCTL,D,1.0769790632920293,0.4756455066389184,1,0,0,0,0,0,1,1,0
2023-wimbledon-1405,Jannik Sinner,Daniel Elahi Galan,00:39:28,1,10,59,0,0,4,5,30,30,1,2,1,29,30,0,0,0,0,1,0,B,0,0,0,0,0,0,0,0,0,0,0,0,0,0,7.588,22.583,3,103.0,C,NCTL,ND,0.9234334576286891,0.5865490179648678,0,0,0,1,0,0,1,0,1
2023-wimbledon-1405,Jannik Sinner,Daniel Elahi Galan,00:40:06,1,10,60,0,0,4,5,40,30,1,2,1,30,30,1,0,0,0,0,0,0,0,0,0,0,0,0,0,0,0,0,0,0,0,0,9.167,10.131,1,98.0,B,NCTL,D,0.531050524134123,0.9279431474227479,1,0,0,0,0,0,1,1,0
2023-wimbledon-1405,Jannik Sinner,Daniel Elahi Galan,00:40:59,1,11,61,0,0,5,5,0,0,2,1,1,31,30,0,0,0,0,0,0,0,0,0,0,0,0,0,0,0,0,0,0,0,0,0,10.607,7.791,2,113.0,BW,NCTL,ND,-0.04199893428657769,1.4793695835950105,0,0,1,0,0,0,1,0,1
2023-wimbledon-1405,Jannik Sinner,Daniel Elahi Galan,00:41:26,1,11,62,0,0,5,5,15,0,2,1,2,31,31,0,0,0,1,0,1,0,0,0,0,0,0,0,0,0,0,0,0,0,0,0,0.761,0.809,1,108.0,W,CTL,,-0.31004024742833924,1.6674863042944783,0,0,0,0,1,1,0,0,0
2023-wimbledon-1405,Jannik Sinner,Daniel Elahi Galan,00:41:51,1,11,63,0,0,5,5,15,15,2,1,1,32,31,0,0,0,0,0,0,0,0,0,0,1,0,0,0,0,0,0,0,0,0,0,17.734,17.041,4,120.0,C,CTL,D,-0.331626327291921,1.5952008090969172,0,0,0,1,0,1,0,1,0
2023-wimbledon-1405,Jannik Sinner,Daniel Elahi Galan,00:42:25,1,11,64,0,0,5,5,30,15,2,2,1,33,31,0,0,0,0,0,0,0,0,0,0,0,0,0,0,0,0,0,0,0,0,0,18.431,20.981,6,91.0,BC,NCTL,D,-0.10471199017851182,1.264865926895339,0,1,0,0,0,0,1,1,0
2023-wimbledon-1405,Jannik Sinner,Daniel Elahi Galan,00:43:15,1,11,65,0,0,5,5,40,15,2,1,2,33,32,0,0,0,0,0,0,0,0,0,0,0,0,0,0,0,1,0,0,0,1,0,4.681,4.558,1,121.0,B,NCTL,D,0.38426693987158556,0.6815118247814883,1,0,0,0,0,0,1,1,0
2023-wimbledon-1405,Jannik Sinner,Daniel Elahi Galan,00:43:45,1,11,66,0,0,5,5,40,30,2,1,2,33,33,0,0,0,0,0,0,0,0,0,1,0,0,0,0,0,1,0,0,0,1,0,15.556,13.718,3,116.0,BC,NCTL,D,0.6223121901627526,0.3544198921506778,0,1,0,0,0,0,1,1,0
2023-wimbledon-1405,Jannik Sinner,Daniel Elahi Galan,00:44:32,1,11,67,0,0,5,5,40,40,2,1,2,33,34,0,0,0,0,0,0,0,0,0,0,0,0,0,0,0,0,0,0,0,0,0,3.12,4.03,1,122.0,B,NCTL,D,0.6148527990013023,0.28946576391527407,1,0,0,0,0,0,1,1,0
2023-wimbledon-1405,Jannik Sinner,Daniel Elahi Galan,00:44:58,1,11,68,0,0,5,5,40,AD,2,1,2,33,35,2,0,0,1,0,1,0,0,0,0,0,0,0,0,0,0,0,0,0,0,0,0.819,0.753,1,119.0,W,CTL,,0.8872899370836054,0.04208136788457629,0,0,0,0,1,1,0,0,0
2023-wimbledon-1405,Jannik Sinner,Daniel Elahi Galan,00:46:46,1,12,69,0,0,5,6,0,0,1,1,1,34,35,0,0,1,0,1,0,0,0,0,0,0,0,0,0,0,0,0,0,0,0,0,0.577,0.77,1,126.0,C,NCTL,,1.434611311918405,-0.37160963765930477,0,0,0,1,0,0,1,0,0
2023-wimbledon-1405,Jannik Sinner,Daniel Elahi Galan,00:47:07,1,12,70,0,0,5,6,15,0,1,2,2,34,36,0,0,0,0,0,0,0,0,0,1,0,1,0,0,0,0,0,0,0,0,0,28.363,58.965,8,95.0,B,NCTL,D,1.4626094733924364,-0.5027291766502154,1,0,0,0,0,0,1,1,0
2023-wimbledon-1405,Jannik Sinner,Daniel Elahi Galan,00:47:56,1,12,71,0,0,5,6,15,15,1,1,1,35,36,0,0,1,0,1,0,0,0,0,0,0,0,0,0,0,0,0,0,0,0,0,0.562,1.135,1,126.0,C,CTL,,1.2130141785991035,-0.34988835526283946,0,0,0,1,0,1,0,0,0
2023-wimbledon-1405,Jannik Sinner,Daniel Elahi Galan,00:48:26,1,12,72,0,0,5,6,30,15,1,1,1,36,36,0,0,1,0,1,0,0,0,0,0,0,0,0,0,0,0,0,0,0,0,0,0.657,0.737,1,122.0,W,CTL,,0.7774175819103697,0.08138791224954395,0,0,0,0,1,1,0,0,0
2023-wimbledon-1405,Jannik Sinner,Daniel Elahi Galan,00:49:01,1,12,73,0,0,5,6,40,15,1,1,1,37,36,1,0,0,0,0,0,0,0,0,0,0,0,0,0,0,0,0,0,0,0,0,3.05,4.055,1,116.0,B,NCTL,D,0.6232371267260368,0.2468483416117058,1,0,0,0,0,0,1,1,0
2023-wimbledon-1405,Jannik Sinner,Daniel Elahi Galan,00:49:46,1,13,74,0,0,6,6,0,0,2,1,2,37,37,0,0,0,0,0,0,0,0,0,0,0,0,0,0,0,0,0,0,0,0,0,3.231,2.063,1,112.0,W,NCTL,ND,0.30616793056867003,0.6822956556013176,0,0,0,0,1,0,1,0,1
2023-wimbledon-1405,Jannik Sinner,Daniel Elahi Galan,00:50:16,1,13,75,0,0,6,6,0,1,1,1,1,38,37,0,0,0,0,0,0,0,0,0,0,0,0,0,0,0,0,0,0,0,0,0,2.836,6.028,1,125.0,BW,NCTL,D,-0.19953034596836328,1.2371066429580424,0,0,1,0,0,0,1,1,0
2023-wimbledon-1405,Jannik Sinner,Daniel Elahi Galan,00:50:37,1,13,76,0,0,6,6,1,1,1,1,1,39,37,0,0,1,0,1,0,0,0,0,0,0,0,0,0,0,0,0,0,0,0,0,0.643,0.964,1,125.0,C,NCTL,,-0.4108802997195701,1.4861548762623717,0,0,0,1,0,0,1,0,0
2023-wimbledon-1405,Jannik Sinner,Daniel Elahi Galan,00:51:15,1,13,77,0,0,6,6,2,1,2,1,2,39,38,0,0,0,0,0,0,0,0,0,0,0,0,0,0,0,0,0,0,0,0,0,7.926,5.448,1,115.0,C,NCTL,D,-0.3318876540896102,1.4092538710736922,0,0,0,1,0,0,1,1,0
2023-wimbledon-1405,Jannik Sinner,Daniel Elahi Galan,00:53:17,1,13,78,0,0,6,6,2,2,2,1,2,39,39,0,0,0,1,0,1,0,0,0,0,0,0,0,0,0,0,0,0,0,0,0,0.821,0.786,1,123.0,C,NCTL,,-0.02866831723432553,1.0980481796127748,0,0,0,1,0,0,1,0,0
2023-wimbledon-1405,Jannik Sinner,Daniel Elahi Galan,00:53:48,1,13,79,0,0,6,6,2,3,1,2,1,40,39,0,0,0,0,0,0,0,0,0,0,0,0,0,0,0,0,0,0,0,0,0,8.213,10.824,3,91.0,B,NCTL,D,0.47527173451306604,0.6064005647221836,1,0,0,0,0,0,1,1,0
2023-wimbledon-1405,Jannik Sinner,Daniel Elahi Galan,00:54:54,1,13,80,0,0,6,6,3,3,1,2,1,41,39,0,0,0,0,0,0,0,0,0,0,1,0,0,0,0,0,0,0,0,0,0,4.244,5.454,1,104.0,BC,NCTL,ND,0.7461892447649634,0.3824873840971632,0,1,0,0,0,0,1,0,1
2023-wimbledon-1405,Jannik Sinner,Daniel Elahi Galan,00:55:41,1,13,81,0,0,6,6,4,3,2,2,1,42,39,0,0,0,0,1,0,F,0,0,0,0,1,0,1,0,0,0,0,0,0,0,36.355,34.969,10,84.0,BC,NCTL,ND,1.41308603961659,-0.1287814442010528,0,1,0,0,0,0,1,0,1
2023-wimbledon-1405,Jannik Sinner,Daniel Elahi Galan,00:56:55,1,13,82,0,0,6,6,5,3,2,1,1,43,39,0,0,0,0,0,0,0,0,0,0,0,0,0,0,0,0,0,0,0,0,0,17.569,22.656,6,119.0,BW,NCTL,D,1.8836379467836137,-0.4367752454212185,0,0,1,0,0,0,1,1,0
2023-wimbledon-1405,Jannik Sinner,Daniel Elahi Galan,00:57:38,1,13,83,0,0,6,6,6,3,1,2,2,43,40,0,0,0,0,0,0,0,0,0,0,0,0,0,0,0,0,0,0,0,0,0,8.102,9.69,2,99.0,BC,NCTL,D,2.1964578957328498,-0.5875257029359531,0,1,0,0,0,0,1,1,0
2023-wimbledon-1405,Jannik Sinner,Daniel Elahi Galan,00:58:16,1,13,84,0,0,6,6,6,4,1,1,1,44,40,1,1,0,0,0,0,0,0,0,0,1,0,0,0,0,0,0,0,0,0,0,18.752,20.541,3,122.0,W,CTL,D,2.089188933103361,-0.5662035835237851,0,0,0,0,1,1,0,1,0
2023-wimbledon-1405,Jannik Sinner,Daniel Elahi Galan,01:00:43,2,1,85,1,0,0,0,0,0,1,1,1,45,40,0,0,0,0,1,0,F,0,0,0,0,0,1,0,0,0,0,0,0,0,0,19.559,40.876,7,121.0,B,NCTL,ND,2.3178521171458395,-0.855690797458897,1,0,0,0,0,0,1,0,1
2023-wimbledon-1405,Jannik Sinner,Daniel Elahi Galan,01:01:11,2,1,86,1,0,0,0,15,0,1,1,2,45,41,0,0,0,0,0,0,0,0,0,0,0,0,0,0,0,0,0,0,0,0,0,10.19,13.607,2,124.0,C,NCTL,ND,2.426560676955866,-0.9963642355322028,0,0,0,1,0,0,1,0,1
2023-wimbledon-1405,Jannik Sinner,Daniel Elahi Galan,01:01:39,2,1,87,1,0,0,0,15,15,1,2,2,45,42,0,0,0,0,0,0,0,0,0,1,0,0,0,0,0,0,0,0,0,0,0,9.416,27.737,4,98.0,B,NCTL,ND,2.3922568211701267,-0.9769363451124062,1,0,0,0,0,0,1,0,1
2023-wimbledon-1405,Jannik Sinner,Daniel Elahi Galan,01:02:21,2,1,88,1,0,0,0,15,30,1,2,2,45,43,0,0,0,0,0,1,F,0,0,0,0,0,0,0,0,0,0,0,0,0,0,21.785,28.313,6,99.0,BW,CTL,D,2.6524654011065234,-1.2325400102583248,0,0,1,0,0,1,0,1,0
2023-wimbledon-1405,Jannik Sinner,Daniel Elahi Galan,01:03:57,2,1,89,1,0,0,0,15,40,1,2,1,46,43,0,0,0,0,0,0,0,0,0,0,1,0,0,0,0,0,1,0,0,0,1,10.161,13.054,3,101.0,C,NCTL,ND,3.1468165505249392,-1.7117927275250662,0,0,0,1,0,0,1,0,1
2023-wimbledon-1405,Jannik Sinner,Daniel Elahi Galan,01:04:34,2,1,90,1,0,0,0,30,40,1,2,2,46,44,2,0,0,0,0,1,F,0,0,0,0,0,0,0,0,0,1,0,1,0,0,10.022,10.512,4,101.0,B,NCTL,ND,3.414123402607338,-1.9576126469886306,1,0,0,0,0,0,1,0,1
2023-wimbledon-1405,Jannik Sinner,Daniel Elahi Galan,01:05:51,2,2,91,1,0,0,1,0,0,2,2,1,47,44,0,0,0,0,0,0,0,0,0,0,0,0,0,0,0,0,0,0,0,0,0,46.183,49.626,14,101.0,BC,NCTL,D,3.5023876508548035,-1.9586572391189045,0,1,0,0,0,0,1,1,0
2023-wimbledon-1405,Jannik Sinner,Daniel Elahi Galan,01:06:52,2,2,92,1,0,0,1,15,0,2,2,1,48,44,0,0,0,0,0,0,0,0,0,0,1,0,0,0,0,0,0,0,0,0,0,6.888,7.407,2,93.0,B,NCTL,D,2.928224996705623,-1.665789643833331,1,0,0,0,0,0,1,1,0
2023-wimbledon-1405,Jannik Sinner,Daniel Elahi Galan,01:07:32,2,2,93,1,0,0,1,30,0,2,1,2,48,45,0,0,0,1,0,1,0,0,0,0,0,0,0,0,0,0,0,0,0,0,0,0.741,0.881,1,122.0,C,NCTL,,2.2426009657018957,-1.1825503900119045,0,0,0,1,0,0,1,0,0
2023-wimbledon-1405,Jannik Sinner,Daniel Elahi Galan,01:07:58,2,2,94,1,0,0,1,30,15,2,1,2,48,46,0,0,0,0,0,1,F,0,0,0,0,0,1,0,1,0,0,0,0,0,0,13.345,8.883,3,117.0,W,CTL,ND,1.9224544590163684,-0.9719115246266494,0,0,0,0,1,1,0,0,1
2023-wimbledon-1405,Jannik Sinner,Daniel Elahi Galan,01:08:30,2,2,95,1,0,0,1,30,30,2,2,1,49,46,0,0,0,0,1,0,F,0,0,0,0,0,0,0,0,0,0,0,0,0,0,16.59,16.349,6,95.0,BW,NCTL,ND,1.3319580467622858,-0.5548681617994942,0,0,1,0,0,0,1,0,1
2023-wimbledon-1405,Jannik Sinner,Daniel Elahi Galan,01:09:16,2,2,96,1,0,0,1,40,30,2,1,2,49,47,0,0,0,0,0,0,0,0,0,0,0,0,0,0,0,1,0,0,0,1,0,20.584,14.608,3,119.0,W,CTL,D,0.5341328997992645,0.1097293921788701,0,0,0,0,1,1,0,1,0
2023-wimbledon-1405,Jannik Sinner,Daniel Elahi Galan,01:09:44,2,2,97,1,0,0,1,40,40,2,1,1,50,47,0,0,0,0,0,0,0,0,0,0,0,0,0,0,0,0,0,0,0,0,0,26.637,27.914,6,123.0,BC,NCTL,ND,0.05830541998572838,0.5025900590479788,0,1,0,0,0,0,1,0,1
2023-wimbledon-1405,Jannik Sinner,Daniel Elahi Galan,01:10:26,2,2,98,1,0,0,1,AD,40,2,1,2,50,48,0,0,0,0,0,0,0,0,0,0,0,0,0,0,0,1,0,0,0,1,0,2.013,1.585,1,124.0,BC,CTL,,-0.09825048218903762,0.6627828381703437,0,1,0,0,0,1,0,0,0
2023-wimbledon-1405,Jannik Sinner,Daniel Elahi Galan,01:10:53,2,2,99,1,0,0,1,40,40,2,2,1,51,48,0,0,0,0,0,0,0,0,0,0,0,0,0,0,0,0,0,0,0,0,0,5.805,6.201,2,94.0,BW,NCTL,ND,0.02903847456767938,0.6233765506807439,0,0,1,0,0,0,1,0,1
2023-wimbledon-1405,Jannik Sinner,Daniel Elahi Galan,01:11:33,2,2,100,1,0,0,1,AD,40,2,1,2,51,49,0,0,0,0,0,0,0,0,0,0,0,0,0,0,0,1,0,0,0,1,0,1.343,1.39,1,114.0,C,NCTL,,-0.10411059667940605,0.8391725470221351,0,0,0,1,0,0,1,0,0
2023-wimbledon-1405,Jannik Sinner,Daniel Elahi Galan,01:12:00,2,2,101,1,0,0,1,40,40,2,1,1,52,49,0,0,0,0,0,0,0,0,0,0,1,0,0,0,0,0,0,0,0,0,0,7.515,6.504,2,123.0,C,NCTL,ND,0.22516789166330806,0.4010334009829556,0,0,0,1,0,0,1,0,1
2023-wimbledon-1405,Jannik Sinner,Daniel Elahi Galan,01:12:30,2,2,102,1,0,0,1,AD,40,2,2,2,52,50,0,0,0,0,0,0,0,0,0,0,0,0,0,0,0,1,0,0,0,1,0,6.406,6.591,1,95.0,B,NCTL,ND,0.16445848328324145,0.394205662294758,1,0,0,0,0,0,1,0,1
2023-wimbledon-1405,Jannik Sinner,Daniel Elahi Galan,01:13:10,2,2,103,1,0,0,1,40,40,2,1,1,53,50,0,0,0,0,1,0,B,0,0,0,0,0,1,0,0,0,0,0,0,0,0,16.631,12.209,4,116.0,W,CTL,ND,-0.10560821894532543,0.6532250266172375,0,0,0,0,1,1,0,0,1
2023-wimbledon-1405,Jannik Sinner,Daniel Elahi Galan,01:13:46,2,2,104,1,0,0,1,AD,40,2,2,2,53,51,0,0,0,0,0,0,0,0,0,1,0,0,0,0,0,1,0,0,0,1,0,3.79,4.571,1,99.0,BW,NCTL,ND,-0.1335723711596875,0.6357079595897496,0,0,1,0,0,0,1,0,1
2023-wimbledon-1405,Jannik Sinner,Daniel Elahi Galan,01:15:01,2,2,105,1,0,0,1,40,40,2,2,2,53,52,0,0,0,0,0,0,0,0,0,1,0,0,0,0,0,0,0,0,0,0,0,25.637,33.53,7,104.0,BC,NCTL,ND,0.044923651492083175,0.3838345807339577,0,1,0,0,0,0,1,0,1
2023-wimbledon-1405,Jannik Sinner,Daniel Elahi Galan,01:16:07,2,2,106,1,0,0,1,40,AD,2,2,1,54,52,0,0,0,0,0,0,0,0,0,0,0,0,0,0,0,0,0,0,0,0,0,5.157,5.92,2,92.0,BW,NCTL,ND,-0.05987468989957423,0.4734941684674231,0,0,1,0,0,0,1,0,1
2023-wimbledon-1405,Jannik Sinner,Daniel Elahi Galan,01:16:51,2,2,107,1,0,0,1,40,40,2,1,2,54,53,0,0,0,1,0,1,0,0,0,0,0,0,0,0,0,0,0,0,0,0,0,0.973,0.928,1,128.0,C,NCTL,,0.049859830996253435,0.31011447909652873,0,0,0,1,0,0,1,0,0
2023-wimbledon-1405,Jannik Sinner,Daniel Elahi Galan,01:17:17,2,2,108,1,0,0,1,40,AD,2,2,1,55,53,0,0,0,0,1,0,B,0,0,0,0,0,0,0,0,0,0,0,0,0,0,4.305,5.231,2,97.0,BW,CTL,D,-0.11954273491002651,0.48032036535834555,0,0,1,0,0,1,0,1,0
2023-wimbledon-1405,Jannik Sinner,Daniel Elahi Galan,01:18:02,2,2,109,1,0,0,1,40,40,2,1,2,55,54,0,0,0,0,0,0,0,0,0,0,0,0,0,0,0,0,0,0,0,0,0,21.161,10.741,1,124.0,C,CTL,ND,-0.07466054289236203,0.40012970702099454,0,0,0,1,0,1,0,0,1
2023-wimbledon-1405,Jannik Sinner,Daniel Elahi Galan,01:20:30,2,2,110,1,0,0,1,40,AD,2,2,2,55,55,2,0,0,0,0,0,0,0,0,1,0,0,0,0,0,0,0,0,0,0,0,5.049,4.874,1,104.0,BC,NCTL,D,-0.26618917413085846,0.6072706694901853,0,1,0,0,0,0,1,1,0
2023-wimbledon-1405,Jannik Sinner,Daniel Elahi Galan,01:21:13,2,3,111,1,0,0,2,0,0,1,1,1,56,55,0,0,0,0,1,0,F,0,0,0,0,1,0,1,0,0,0,0,0,0,0,13.485,15.002,5,121.0,BC,NCTL,ND,-0.2802619013395907,0.6345650288347043,0,1,0,0,0,0,1,0,1
2023-wimbledon-1405,Jannik Sinner,Daniel Elahi Galan,01:21:40,2,3,112,1,0,0,2,15,0,1,1,1,57,55,0,0,0,0,1,0,F,0,0,0,0,0,0,0,0,0,0,0,0,0,0,6.904,9.093,3,126.0,BW,NCTL,D,-0.5138681129217325,0.9780332842028601,0,0,1,0,0,0,1,1,0
2023-wimbledon-1405,Jannik Sinner,Daniel Elahi Galan,01:22:14,2,3,113,1,0,0,2,30,0,1,1,1,58,55,0,0,1,0,1,0,0,0,0,0,0,0,0,0,0,0,0,0,0,0,0,0.552,1.087,1,123.0,C,NCTL,,-0.5031174700523661,1.074615962922756,0,0,0,1,0,0,1,0,0
2023-wimbledon-1405,Jannik Sinner,Daniel Elahi Galan,01:22:31,2,3,114,1,0,0,2,40,0,1,2,1,59,55,1,0,0,0,1,0,F,0,0,0,0,0,0,0,0,0,0,0,0,0,0,6.184,8.437,3,95.0,B,NCTL,ND,-0.6801400318865849,1.4451168069252605,1,0,0,0,0,0,1,0,1
2023-wimbledon-1405,Jannik Sinner,Daniel Elahi Galan,01:24:38,2,4,115,1,0,1,2,0,0,2,1,1,60,55,0,0,0,0,0,0,0,0,0,0,1,0,0,0,0,0,0,0,0,0,0,9.552,6.611,2,112.0,W,NCTL,D,-0.5776868350144145,1.5860852707084496,0,0,0,0,1,0,1,1,0
2023-wimbledon-1405,Jannik Sinner,Daniel Elahi Galan,01:25:06,2,4,116,1,0,1,2,15,0,2,2,1,61,55,0,0,0,0,0,0,0,0,1,0,1,0,0,0,0,0,0,0,0,0,0,5.261,4.438,0,,B,CTL,ND,-0.142239114179796,1.100916346851293,1,0,0,0,0,1,0,0,1
2023-wimbledon-1405,Jannik Sinner,Daniel Elahi Galan,01:25:46,2,4,117,1,0,1,2,30,0,2,1,1,62,55,0,0,0,0,0,0,0,0,0,0,0,0,1,0,0,0,0,0,0,0,0,15.073,17.116,6,123.0,C,NCTL,ND,0.11089103576037186,0.8450289406110257,0,0,0,1,0,0,1,0,1
2023-wimbledon-1405,Jannik Sinner,Daniel Elahi Galan,01:26:24,2,4,118,1,0,1,2,40,0,2,1,2,62,56,0,0,0,1,0,1,0,0,0,0,0,0,0,0,0,1,0,0,0,1,0,0.767,0.831,1,119.0,W,CTL,,0.684150175947256,0.2849598091329396,0,0,0,0,1,1,0,0,0
2023-wimbledon-1405,Jannik Sinner,Daniel Elahi Galan,01:26:50,2,4,119,1,0,1,2,40,15,2,2,2,62,57,0,0,0,0,0,0,0,0,0,1,0,0,0,0,0,1,0,0,0,1,0,1.855,1.787,1,95.0,B,NCTL,,1.0396582936835959,-0.030124872993864536,1,0,0,0,0,0,1,0,0
2023-wimbledon-1405,Jannik Sinner,Daniel Elahi Galan,01:27:27,2,4,120,1,0,1,2,40,30,2,2,2,62,58,0,0,0,0,0,0,0,0,0,1,0,0,0,0,0,1,0,0,0,1,0,3.461,3.704,1,84.0,BC,NCTL,ND,1.620991730896013,-0.5882152096362575,0,1,0,0,0,0,1,0,1
2023-wimbledon-1405,Jannik Sinner,Daniel Elahi Galan,01:28:07,2,4,121,1,0,1,2,40,40,2,2,2,62,59,0,0,0,0,0,0,0,0,0,0,0,0,0,0,0,0,0,0,0,0,0,15.516,18.861,5,103.0,BC,NCTL,ND,2.4092610706893414,-1.3454864837718634,0,1,0,0,0,0,1,0,1
2023-wimbledon-1405,Jannik Sinner,Daniel Elahi Galan,01:28:48,2,4,122,1,0,1,2,40,AD,2,2,1,63,59,0,0,0,0,0,0,0,0,0,0,0,0,0,0,0,0,0,0,0,0,0,3.597,3.461,2,92.0,BW,NCTL,ND,2.876288432817823,-1.7859848136699883,0,0,1,0,0,0,1,0,1
2023-wimbledon-1405,Jannik Sinner,Daniel Elahi Galan,01:29:32,2,4,123,1,0,1,2,40,40,2,2,2,63,60,0,0,0,0,0,0,0,0,0,0,0,0,0,0,0,0,0,0,0,0,0,21.955,18.26,5,98.0,B,NCTL,ND,3.09594567144855,-1.9841031446849087,1,0,0,0,0,0,1,0,1
2023-wimbledon-1405,Jannik Sinner,Daniel Elahi Galan,01:30:33,2,4,124,1,0,1,2,40,AD,2,2,1,64,60,0,0,0,0,0,0,0,0,0,0,0,0,0,0,0,0,0,0,0,0,0,6.433,7.112,2,90.0,BC,NCTL,ND,3.1011159523984753,-1.9451406224030887,0,1,0,0,0,0,1,0,1
2023-wimbledon-1405,Jannik Sinner,Daniel Elahi Galan,01:31:13,2,4,125,1,0,1,2,40,40,2,2,1,65,60,0,0,0,0,0,0,0,0,1,0,1,0,0,0,0,0,0,0,0,0,0,8.881,7.068,0,,B,CTL,ND,2.690347121149028,-1.7081922111672256,1,0,0,0,0,1,0,0,1
2023-wimbledon-1405,Jannik Sinner,Daniel Elahi Galan,01:31:53,2,4,126,1,0,1,2,AD,40,2,1,2,65,61,0,0,0,0,0,0,0,0,0,0,0,0,0,0,0,1,0,0,0,1,0,4.799,5.928,1,124.0,W,NCTL,ND,2.167524944307503,-1.28567108047623,0,0,0,0,1,0,1,0,1
2023-wimbledon-1405,Jannik Sinner,Daniel Elahi Galan,01:32:33,2,4,127,1,0,1,2,40,40,2,1,2,65,62,0,0,0,0,0,0,0,0,0,0,0,0,0,0,0,0,0,0,0,0,0,5.747,6.473,1,124.0,BC,CTL,D,1.5133623017359896,-0.6705513202163405,0,1,0,0,0,1,0,1,0
2023-wimbledon-1405,Jannik Sinner,Daniel Elahi Galan,01:32:55,2,4,128,1,0,1,2,40,AD,2,1,2,65,63,2,0,0,0,0,0,0,0,0,0,0,0,0,0,0,0,0,0,0,0,0,8.144,5.215,1,127.0,BW,NCTL,,0.6880825460592318,0.1858103922985269,0,0,1,0,0,0,1,0,0
2023-wimbledon-1405,Jannik Sinner,Daniel Elahi Galan,01:33:23,2,5,129,1,0,1,3,0,0,1,1,1,66,63,0,0,0,0,0,0,0,0,0,0,1,0,0,0,0,0,0,0,0,0,0,8.712,12.835,3,116.0,BW,NCTL,ND,0.13802236036830878,0.756751850821432,0,0,1,0,0,0,1,0,1
2023-wimbledon-1405,Jannik Sinner,Daniel Elahi Galan,01:33:44,2,5,130,1,0,1,3,15,0,1,1,1,67,63,0,0,0,0,0,0,0,0,0,0,0,1,0,1,0,0,0,0,0,0,0,7.506,20.592,3,122.0,C,NCTL,ND,-0.14410197337826866,1.0528549953871311,0,0,0,1,0,0,1,0,1
2023-wimbledon-1405,Jannik Sinner,Daniel Elahi Galan,01:34:09,2,5,131,1,0,1,3,30,0,1,2,2,67,64,0,0,0,0,0,1,B,0,0,0,0,0,0,0,0,0,0,0,0,0,0,9.191,24.23,4,101.0,BC,NCTL,ND,-0.16410483768090584,1.060570788034309,0,1,0,0,0,0,1,0,1
2023-wimbledon-1405,Jannik Sinner,Daniel Elahi Galan,01:34:44,2,5,132,1,0,1,3,30,15,1,2,1,68,64,0,0,0,0,0,0,0,0,0,0,1,0,0,0,0,0,0,0,0,0,0,15.692,16.349,5,100.0,BW,NCTL,ND,0.04938362416848198,0.8602341329603054,0,0,1,0,0,0,1,0,1
2023-wimbledon-1405,Jannik Sinner,Daniel Elahi Galan,01:35:19,2,5,133,1,0,1,3,40,15,1,2,1,69,64,1,0,0,0,0,0,0,0,0,0,1,0,0,0,0,0,0,0,0,0,0,16.545,20.117,5,104.0,BC,NCTL,D,0.050783500749815705,0.963460651771585,0,1,0,0,0,0,1,1,0
2023-wimbledon-1405,Jannik Sinner,Daniel Elahi Galan,01:37:45,2,6,134,1,0,2,3,0,0,2,1,2,69,65,0,0,0,0,0,0,0,0,0,0,0,0,0,0,0,0,0,0,0,0,0,8.282,5.516,1,109.0,W,CTL,ND,0.3387803930997621,0.8198277955610349,0,0,0,0,1,1,0,0,1
2023-wimbledon-1405,Jannik Sinner,Daniel Elahi Galan,01:38:04,2,6,135,1,0,2,3,0,15,2,1,1,70,65,0,0,0,0,0,0,0,0,0,0,1,0,0,0,0,0,0,0,0,0,0,15.364,15.778,6,118.0,BC,NCTL,D,0.30714434060350304,0.8011454095766333,0,1,0,0,0,0,1,1,0
2023-wimbledon-1405,Jannik Sinner,Daniel Elahi Galan,01:38:50,2,6,136,1,0,2,3,15,15,2,1,1,71,65,0,0,0,0,0,0,0,0,0,0,0,0,0,0,0,0,0,0,0,0,0,5.256,4.028,2,102.0,BW,NCTL,D,0.10730128638283282,1.0243142295914862,0,0,1,0,0,0,1,1,0
2023-wimbledon-1405,Jannik Sinner,Daniel Elahi Galan,01:39:19,2,6,137,1,0,2,3,30,15,2,2,2,71,66,0,0,0,0,0,0,0,0,0,1,0,0,0,0,0,0,0,0,0,0,0,10.918,12.504,3,96.0,B,NCTL,ND,0.1907432156724262,0.9146492925891571,1,0,0,0,0,0,1,0,1
2023-wimbledon-1405,Jannik Sinner,Daniel Elahi Galan,01:39:56,2,6,138,1,0,2,3,30,30,2,1,2,71,67,0,0,0,0,0,1,F,0,0,0,0,0,1,0,1,0,0,0,0,0,0,20.781,19.902,5,125.0,C,NCTL,ND,0.5002269097721139,0.5578042820055314,0,0,0,1,0,0,1,0,1
2023-wimbledon-1405,Jannik Sinner,Daniel Elahi Galan,01:40:32,2,6,139,1,0,2,3,30,40,2,1,2,71,68,2,0,0,0,0,0,0,0,0,0,0,0,0,0,0,0,0,0,0,0,0,6.101,5.496,1,119.0,W,CTL,D,1.014428431513629,0.0078079503194513275,0,0,0,0,1,1,0,1,0
2023-wimbledon-1405,Jannik Sinner,Daniel Elahi Galan,01:41:09,2,7,140,1,0,2,4,0,0,1,2,1,72,68,0,0,0,0,0,0,0,0,0,0,1,0,1,0,0,0,0,0,0,0,0,18.893,21.551,5,103.0,B,NCTL,ND,1.2438996389948518,-0.23680989208930306,1,0,0,0,0,0,1,0,1
2023-wimbledon-1405,Jannik Sinner,Daniel Elahi Galan,01:41:58,2,7,141,1,0,2,4,15,0,1,2,2,72,69,0,0,0,0,0,0,0,0,0,1,0,0,0,0,0,0,0,0,0,0,0,3.086,3.882,2,96.0,B,NCTL,ND,1.150880539340191,-0.2189067928064653,1,0,0,0,0,0,1,0,1
2023-wimbledon-1405,Jannik Sinner,Daniel Elahi Galan,01:42:29,2,7,142,1,0,2,4,15,15,1,1,1,73,69,0,0,0,0,0,0,0,0,0,0,0,0,0,0,0,0,0,0,0,0,0,1.847,2.77,1,115.0,W,NCTL,D,1.3282687129421986,-0.4100354948097981,0,0,0,0,1,0,1,1,0
2023-wimbledon-1405,Jannik Sinner,Daniel Elahi Galan,01:42:49,2,7,143,1,0,2,4,30,15,1,2,1,74,69,0,0,0,0,0,0,0,0,0,0,1,0,0,0,0,0,0,0,0,0,0,10.02,16.969,3,93.0,B,NCTL,ND,1.2291895149050676,-0.3573036455355883,1,0,0,0,0,0,1,0,1
2023-wimbledon-1405,Jannik Sinner,Daniel Elahi Galan,01:43:22,2,7,144,1,0,2,4,40,15,1,1,1,75,69,1,0,1,0,1,0,0,0,0,0,0,0,0,0,0,0,0,0,0,0,0,0.722,0.953,1,130.0,C,NCTL,,0.9134977637428973,-0.07892945093553339,0,0,0,1,0,0,1,0,0
2023-wimbledon-1405,Jannik Sinner,Daniel Elahi Galan,01:45:05,2,8,145,1,0,3,4,0,0,2,1,1,76,69,0,0,0,0,1,0,F,0,0,0,0,0,0,0,0,0,0,0,0,0,0,39.87,36.517,8,113.0,W,CTL,ND,0.9194811247895924,-0.0770969538747508,0,0,0,0,1,1,0,0,1
2023-wimbledon-1405,Jannik Sinner,Daniel Elahi Galan,01:45:50,2,8,146,1,0,3,4,15,0,2,2,1,77,69,0,0,0,0,0,0,0,0,0,0,0,0,0,0,0,0,0,0,0,0,0,33.033,39.014,10,87.0,BW,NCTL,ND,0.7753763694445891,0.06651406936797573,0,0,1,0,0,0,1,0,1
2023-wimbledon-1405,Jannik Sinner,Daniel Elahi Galan,01:46:49,2,8,147,1,0,3,4,30,0,2,1,2,77,70,0,0,0,0,0,0,0,0,0,0,0,0,0,0,0,0,0,0,0,0,0,34.188,39.25,11,121.0,C,CTL,ND,0.53099683882396,0.3515596520578526,0,0,0,1,0,1,0,0,1
2023-wimbledon-1405,Jannik Sinner,Daniel Elahi Galan,01:47:33,2,8,148,1,0,3,4,30,15,2,1,2,77,71,0,0,0,0,0,1,F,0,0,0,0,0,0,0,0,0,0,0,0,0,0,12.514,7.224,3,120.0,W,NCTL,ND,0.5879093524058283,0.30207367738923485,0,0,0,0,1,0,1,0,1
2023-wimbledon-1405,Jannik Sinner,Daniel Elahi Galan,01:48:04,2,8,149,1,0,3,4,30,30,2,1,2,77,72,0,0,0,1,0,1,0,0,0,0,0,0,0,0,0,0,0,0,0,0,0,1.541,1.217,1,126.0,C,NCTL,,0.90048701238762,-0.019845151335863433,0,0,0,1,0,0,1,0,0
2023-wimbledon-1405,Jannik Sinner,Daniel Elahi Galan,01:48:44,2,8,150,1,0,3,4,30,40,2,2,1,78,72,0,0,0,0,0,0,0,0,0,0,1,0,0,0,0,0,0,0,0,0,0,19.757,20.543,6,89.0,B,NCTL,ND,1.4247630040957853,-0.5488011015628821,1,0,0,0,0,0,1,0,1
2023-wimbledon-1405,Jannik Sinner,Daniel Elahi Galan,01:49:35,2,8,151,1,0,3,4,40,40,2,1,1,79,72,0,0,0,0,0,0,0,0,0,0,1,0,0,0,0,0,0,0,0,0,0,19.68,14.594,6,114.0,W,CTL,ND,1.6963101478374163,-0.7998938284496129,0,0,0,0,1,1,0,0,1
2023-wimbledon-1405,Jannik Sinner,Daniel Elahi Galan,01:50:13,2,8,152,1,0,3,4,AD,40,2,1,1,80,72,1,0,0,0,0,0,0,0,0,0,1,0,0,0,0,1,0,1,0,0,0,9.185,9.523,2,122.0,B,NCTL,ND,2.2986993288875546,-1.2922617528336902,1,0,0,0,0,0,1,0,1
2023-wimbledon-1405,Jannik Sinner,Daniel Elahi Galan,01:50:58,2,9,153,1,0,4,4,0,0,1,1,1,81,72,0,0,0,0,1,0,0,0,0,0,0,0,0,0,0,0,0,0,0,0,0,6.726,7.22,1,124.0,C,NCTL,,2.746409942609893,-1.6189163943423164,0,0,0,1,0,0,1,0,0
2023-wimbledon-1405,Jannik Sinner,Daniel Elahi Galan,01:51:19,2,9,154,1,0,4,4,15,0,1,2,2,81,73,0,0,0,0,0,0,0,0,0,1,0,0,0,0,0,0,0,0,0,0,0,4.124,5.411,2,99.0,B,NCTL,ND,3.1153971863609082,-1.803472341584633,1,0,0,0,0,0,1,0,1
2023-wimbledon-1405,Jannik Sinner,Daniel Elahi Galan,01:51:53,2,9,155,1,0,4,4,15,15,1,2,1,82,73,0,0,0,0,0,0,0,0,0,0,0,0,0,0,0,0,0,0,0,0,0,1.892,2.036,1,109.0,B,NCTL,,3.063418545065212,-1.8325402605638896,1,0,0,0,0,0,1,0,0
2023-wimbledon-1405,Jannik Sinner,Daniel Elahi Galan,01:52:30,2,9,156,1,0,4,4,30,15,1,2,1,83,73,0,0,0,0,1,0,F,0,0,0,0,0,0,0,0,0,0,0,0,0,0,31.579,32.59,7,92.0,BW,NCTL,ND,2.8429087597928406,-1.637979497671401,0,0,1,0,0,0,1,0,1
2023-wimbledon-1405,Jannik Sinner,Daniel Elahi Galan,01:53:19,2,9,157,1,0,4,4,40,15,1,1,1,84,73,1,0,1,0,1,0,0,0,0,0,0,0,0,0,0,0,0,0,0,0,0,1.162,0.99,1,114.0,W,CTL,,2.532819065388551,-1.2473847745518367,0,0,0,0,1,1,0,0,0
2023-wimbledon-1405,Jannik Sinner,Daniel Elahi Galan,01:55:24,2,10,158,1,0,5,4,0,0,2,2,1,85,73,0,0,0,0,0,0,0,0,0,0,0,0,1,0,0,0,0,0,0,0,0,18.819,17.399,6,97.0,BC,NCTL,D,2.7760302152503065,-1.3505114901931399,0,1,0,0,0,0,1,1,0
2023-wimbledon-1405,Jannik Sinner,Daniel Elahi Galan,01:56:15,2,10,159,1,0,5,4,15,0,2,2,1,86,73,0,0,0,0,1,0,F,0,0,0,0,0,0,0,0,0,0,0,0,0,0,20.166,19.26,4,91.0,BW,NCTL,ND,3.4832432557686817,-1.8230996736808387,0,0,1,0,0,0,1,0,1
2023-wimbledon-1405,Jannik Sinner,Daniel Elahi Galan,01:57:19,2,10,160,1,0,5,4,30,0,2,1,2,86,74,0,0,0,0,0,0,0,0,0,0,0,0,0,0,0,0,0,0,0,0,0,1.627,1.679,1,120.0,BW,NCTL,,4.704896092548965,-2.629733633225975,0,0,1,0,0,0,1,0,0
2023-wimbledon-1405,Jannik Sinner,Daniel Elahi Galan,01:57:46,2,10,161,1,0,5,4,30,15,2,1,2,86,75,0,0,0,0,0,0,0,0,0,0,0,0,0,0,0,0,0,0,0,0,0,8.467,5.145,1,122.0,B,CTL,,5.843244768147029,-3.1900386919371515,1,0,0,0,0,1,0,0,0
2023-wimbledon-1405,Jannik Sinner,Daniel Elahi Galan,01:58:14,2,10,162,1,0,5,4,30,30,2,1,2,86,76,0,0,0,0,0,1,F,0,0,0,0,0,1,0,1,0,0,0,0,0,0,16.413,16.823,5,124.0,BC,NCTL,ND,6.830088699860262,-3.5029962143804796,0,1,0,0,0,0,1,0,1
2023-wimbledon-1405,Jannik Sinner,Daniel Elahi Galan,01:58:52,2,10,163,1,0,5,4,30,40,2,2,1,87,76,0,0,0,0,0,0,0,0,0,0,1,0,0,0,0,0,0,0,0,0,0,13.631,16.748,2,96.0,B,NCTL,ND,6.709471168616887,-3.3779505109267864,1,0,0,0,0,0,1,0,1
2023-wimbledon-1405,Jannik Sinner,Daniel Elahi Galan,01:59:35,2,10,164,1,0,5,4,40,40,2,2,1,88,76,0,0,0,0,0,0,0,0,0,0,0,1,0,1,0,0,0,0,0,0,0,30.869,35.606,6,96.0,B,NCTL,ND,6.541978905092573,-3.111694434138068,1,0,0,0,0,0,1,0,1
2023-wimbledon-1405,Jannik Sinner,Daniel Elahi Galan,02:00:35,2,10,165,1,0,5,4,AD,40,2,2,1,89,76,1,1,0,0,0,0,0,0,0,0,0,0,0,0,0,1,0,1,0,0,0,13.903,18.199,4,91.0,B,NCTL,D,6.855995838722564,-3.1822555901122773,1,0,0,0,0,0,1,1,0
2023-wimbledon-1405,Jannik Sinner,Daniel Elahi Galan,02:05:13,3,1,166,2,0,0,0,0,0,1,2,1,90,76,0,0,0,0,0,0,0,0,0,0,1,0,0,0,0,0,0,0,0,0,0,13.619,32.304,3,98.0,BC,NCTL,D,7.221599687407876,-3.161716706176567,0,1,0,0,0,0,1,1,0
2023-wimbledon-1405,Jannik Sinner,Daniel Elahi Galan,02:05:45,3,1,167,2,0,0,0,15,0,1,2,1,91,76,0,0,0,0,1,0,F,0,0,0,0,0,0,0,0,0,0,0,0,0,0,7.628,9.799,3,102.0,B,CTL,D,7.635134527310603,-3.0212852452054557,1,0,0,0,0,1,0,1,0
2023-wimbledon-1405,Jannik Sinner,Daniel Elahi Galan,02:06:19,3,1,168,2,0,0,0,30,0,1,1,1,92,76,0,0,0,0,1,0,F,0,0,0,0,1,0,1,0,0,0,0,0,0,0,5.64,9.571,3,124.0,C,CTL,,7.027651432796648,-2.8297052801564395,0,0,0,1,0,1,0,0,0
2023-wimbledon-1405,Jannik Sinner,Daniel Elahi Galan,02:06:42,3,1,169,2,0,0,0,40,0,1,1,1,93,76,1,0,0,0,0,0,0,0,0,0,0,0,0,0,0,0,0,0,0,0,0,9.546,9.628,1,93.0,W,CTL,D,6.556914057850433,-2.5350631495160365,0,0,0,0,1,1,0,1,0
2023-wimbledon-1405,Jannik Sinner,Daniel Elahi Galan,02:07:45,3,2,170,2,0,1,0,0,0,2,2,1,94,76,0,0,0,0,0,0,0,0,0,0,0,1,0,1,0,0,0,0,0,0,0,19.869,18.082,4,92.0,B,NCTL,ND,6.332631773139234,-2.1592987519690072,1,0,0,0,0,0,1,0,1
2023-wimbledon-1405,Jannik Sinner,Daniel Elahi Galan,02:09:22,3,2,171,2,0,1,0,15,0,2,1,2,94,77,0,0,0,0,0,0,0,0,0,0,0,0,0,0,0,0,0,0,0,0,0,15.308,12.843,1,116.0,BW,NCTL,D,6.805875108247599,-2.232118056764245,0,0,1,0,0,0,1,1,0
2023-wimbledon-1405,Jannik Sinner,Daniel Elahi Galan,02:09:41,3,2,172,2,0,1,0,15,15,2,2,1,95,77,0,0,0,0,0,0,0,0,0,0,1,0,0,0,0,0,0,0,0,0,0,13.292,10.455,4,99.0,BC,CTL,ND,7.867538322644121,-2.6609291057031905,0,1,0,0,0,1,0,0,1
2023-wimbledon-1405,Jannik Sinner,Daniel Elahi Galan,02:10:33,3,2,173,2,0,1,0,30,15,2,1,2,95,78,0,0,0,0,0,1,F,0,0,0,0,0,0,0,0,0,0,0,0,0,0,9.224,5.978,3,107.0,BW,NCTL,ND,9.48535819115511,-3.434737275496437,0,0,1,0,0,0,1,0,1
2023-wimbledon-1405,Jannik Sinner,Daniel Elahi Galan,02:11:02,3,2,174,2,0,1,0,30,30,2,1,1,96,78,0,0,0,0,0,0,0,0,0,0,1,0,1,0,0,0,0,0,0,0,0,23.688,22.57,6,112.0,C,NCTL,ND,11.1448674311836,-3.9743481031753394,0,0,0,1,0,0,1,0,1
2023-wimbledon-1405,Jannik Sinner,Daniel Elahi Galan,02:11:44,3,2,175,2,0,1,0,40,30,2,2,2,96,79,0,0,0,0,0,0,0,0,0,1,0,0,0,0,0,1,0,0,0,1,0,4.385,5.948,1,85.0,B,NCTL,ND,12.770733358892798,-4.290010047992903,1,0,0,0,0,0,1,0,1
2023-wimbledon-1405,Jannik Sinner,Daniel Elahi Galan,02:12:19,3,2,176,2,0,1,0,40,40,2,2,1,97,79,0,0,0,0,0,0,0,0,0,0,1,0,0,0,0,0,0,0,0,0,0,9.77,10.98,2,91.0,BW,NCTL,ND,12.482981950090373,-4.238170422406946,0,0,1,0,0,0,1,0,1
2023-wimbledon-1405,Jannik Sinner,Daniel Elahi Galan,02:13:01,3,2,177,2,0,1,0,AD,40,2,2,1,98,79,1,0,0,0,1,0,B,0,0,0,0,0,0,0,0,1,0,1,0,0,0,5.551,4.878,2,91.0,B,NCTL,ND,12.238700970900346,-4.0771353144902776,1,0,0,0,0,0,1,0,1
2023-wimbledon-1405,Jannik Sinner,Daniel Elahi Galan,02:14:03,3,3,178,2,0,2,0,0,0,1,2,1,99,79,0,0,0,0,1,0,B,0,0,0,0,1,0,1,0,0,0,0,0,0,0,20.66,36.566,5,106.0,BC,CTL,ND,12.280951474387908,-3.861684184619078,0,1,0,0,0,1,0,0,1
2023-wimbledon-1405,Jannik Sinner,Daniel Elahi Galan,02:14:56,3,3,179,2,0,2,0,15,0,1,2,1,100,79,0,0,0,0,0,0,0,0,0,0,1,0,0,0,0,0,0,0,0,0,0,10.94,9.758,3,98.0,BW,NCTL,ND,12.610744141217122,-3.6067283047061935,0,0,1,0,0,0,1,0,1
2023-wimbledon-1405,Jannik Sinner,Daniel Elahi Galan,02:15:24,3,3,180,2,0,2,0,30,0,1,2,1,101,79,0,0,0,0,0,0,0,0,0,0,1,0,0,0,0,0,0,0,0,0,0,3.189,5.0,1,101.0,BW,NCTL,D,11.27333638355059,-3.3241335216165786,0,0,1,0,0,0,1,1,0
2023-wimbledon-1405,Jannik Sinner,Daniel Elahi Galan,02:15:47,3,3,181,2,0,2,0,40,0,1,1,1,102,79,1,0,0,0,0,0,0,0,0,0,1,0,0,0,0,0,0,0,0,0,0,53.265,29.385,3,104.0,BW,NCTL,ND,10.2833918227578,-2.966025426145455,0,0,1,0,0,0,1,0,1
2023-wimbledon-1405,Jannik Sinner,Daniel Elahi Galan,02:17:40,3,4,182,2,0,3,0,0,0,2,1,2,102,80,0,0,0,0,0,1,0,0,0,0,0,0,0,0,0,0,0,0,0,0,0,4.957,3.863,1,118.0,C,NCTL,D,10.263517851463464,-3.0504304968199474,0,0,0,1,0,0,1,1,0
2023-wimbledon-1405,Jannik Sinner,Daniel Elahi Galan,02:17:58,3,4,183,2,0,3,0,0,15,2,1,2,102,81,0,0,0,1,0,1,0,0,0,0,0,0,0,0,0,0,0,0,0,0,0,2.216,1.183,1,118.0,C,NCTL,,10.594727661563129,-2.9914407808800023,0,0,0,1,0,0,1,0,0
2023-wimbledon-1405,Jannik Sinner,Daniel Elahi Galan,02:18:15,3,4,184,2,0,3,0,0,30,2,2,2,102,82,0,0,0,0,0,1,F,0,0,0,0,0,0,0,0,0,0,0,0,0,0,18.909,14.755,3,98.0,BC,NCTL,D,11.641659119960728,-3.2671030069064506,0,1,0,0,0,0,1,1,0
2023-wimbledon-1405,Jannik Sinner,Daniel Elahi Galan,02:18:53,3,4,185,2,0,3,0,0,40,2,2,2,102,83,2,0,0,0,0,0,0,0,0,1,0,0,0,0,0,0,0,0,0,0,0,4.568,4.467,1,95.0,B,NCTL,D,12.848026736613882,-3.277531021271203,1,0,0,0,0,0,1,1,0
2023-wimbledon-1405,Jannik Sinner,Daniel Elahi Galan,02:19:36,3,5,186,2,0,3,1,0,0,1,1,1,103,83,0,0,1,0,1,0,0,0,0,0,0,0,0,0,0,0,0,0,0,0,0,0.53,0.952,1,114.0,W,CTL,,14.834762041686053,-3.558109403400473,0,0,0,0,1,1,0,0,0
2023-wimbledon-1405,Jannik Sinner,Daniel Elahi Galan,02:19:55,3,5,187,2,0,3,1,15,0,1,1,1,104,83,0,0,0,0,0,0,0,0,0,0,0,0,0,0,0,0,0,0,0,0,0,5.307,5.157,1,127.0,BW,NCTL,D,13.056853482165087,-3.5980852412150504,0,0,1,0,0,0,1,1,0
2023-wimbledon-1405,Jannik Sinner,Daniel Elahi Galan,02:20:15,3,5,188,2,0,3,1,30,0,1,2,2,104,84,0,0,0,0,0,1,F,0,0,0,0,0,0,0,0,0,0,0,0,0,0,29.847,28.959,10,104.0,BC,NCTL,ND,11.264976389180209,-3.2399113186861284,0,1,0,0,0,0,1,0,1
2023-wimbledon-1405,Jannik Sinner,Daniel Elahi Galan,02:21:00,3,5,189,2,0,3,1,30,15,1,2,1,105,84,0,0,0,0,0,0,0,0,0,0,0,0,0,0,0,0,0,0,0,0,0,3.726,4.597,1,103.0,B,NCTL,D,9.555488338472044,-2.706804245594286,1,0,0,0,0,0,1,1,0
2023-wimbledon-1405,Jannik Sinner,Daniel Elahi Galan,02:21:29,3,5,190,2,0,3,1,40,15,1,1,1,106,84,1,0,0,0,0,0,0,0,0,0,0,1,0,1,0,0,0,0,0,0,0,14.122,18.531,3,118.0,BC,NCTL,,7.901580937373192,-2.05693224192196,0,1,0,0,0,0,1,0,0
2023-wimbledon-1405,Jannik Sinner,Daniel Elahi Galan,02:23:14,3,6,191,2,0,4,1,0,0,2,1,2,106,85,0,0,0,0,0,0,0,0,0,1,0,0,0,0,0,0,0,0,0,0,0,11.501,9.891,3,103.0,W,CTL,D,6.344473546594204,-1.3230021640642176,0,0,0,0,1,1,0,1,0
2023-wimbledon-1405,Jannik Sinner,Daniel Elahi Galan,02:23:35,3,6,192,2,0,4,1,0,15,2,2,1,107,85,0,0,0,0,1,0,F,0,0,0,0,0,0,0,0,0,0,0,0,0,0,13.47,13.243,4,89.0,B,NCTL,D,4.785126456113263,-0.4449800773763602,1,0,0,0,0,0,1,1,0
2023-wimbledon-1405,Jannik Sinner,Daniel Elahi Galan,02:24:11,3,6,193,2,0,4,1,15,15,2,1,2,107,86,0,0,0,0,0,1,F,0,0,0,0,0,0,0,0,0,0,0,0,0,0,28.518,17.655,7,110.0,BW,NCTL,ND,3.7090264244015807,0.0632512585257399,0,0,1,0,0,0,1,0,1
2023-wimbledon-1405,Jannik Sinner,Daniel Elahi Galan,02:24:57,3,6,194,2,0,4,1,15,30,2,2,2,107,87,0,0,0,0,0,0,0,0,0,1,0,0,0,0,0,0,0,0,0,0,0,3.363,3.912,1,91.0,BW,NCTL,D,3.0197881622174765,0.2506175948381468,0,0,1,0,0,0,1,1,0
2023-wimbledon-1405,Jannik Sinner,Daniel Elahi Galan,02:25:26,3,6,195,2,0,4,1,15,40,2,1,1,108,87,0,0,0,0,1,0,B,0,0,0,0,1,0,1,0,0,0,0,0,0,0,18.007,13.566,4,116.0,C,CTL,ND,2.6534283941221903,0.19431606558970177,0,0,0,1,0,1,0,0,1
2023-wimbledon-1405,Jannik Sinner,Daniel Elahi Galan,02:26:08,3,6,196,2,0,4,1,30,40,2,1,2,108,88,2,0,0,0,0,0,0,0,0,0,0,0,0,0,0,0,0,0,0,0,0,0.851,0.848,1,114.0,W,CTL,,2.6148063277520945,-0.11589694256409488,0,0,0,0,1,1,0,0,0
2023-wimbledon-1405,Jannik Sinner,Daniel Elahi Galan,02:26:54,3,7,197,2,0,4,2,0,0,1,1,1,109,88,0,0,0,0,0,0,0,0,0,0,0,0,0,0,0,0,0,0,0,0,0,3.985,6.309,1,117.0,W,CTL,D,2.396908556265444,-0.1655216170602548,0,0,0,0,1,1,0,1,0
2023-wimbledon-1405,Jannik Sinner,Daniel Elahi Galan,02:27:16,3,7,198,2,0,4,2,15,0,1,1,1,110,88,0,0,1,0,1,0,0,0,0,0,0,0,0,0,0,0,0,0,0,0,0,0.873,1.146,1,122.0,W,CTL,,1.9314868083032357,6.607040455213625e-05,0,0,0,0,1,1,0,0,0
2023-wimbledon-1405,Jannik Sinner,Daniel Elahi Galan,02:27:36,3,7,199,2,0,4,2,30,0,1,1,1,111,88,0,0,0,0,0,0,0,0,0,0,0,0,0,0,0,0,0,0,0,0,0,6.773,11.737,1,114.0,W,CTL,,1.8948596359261016,-0.1430869665857023,0,0,0,0,1,1,0,0,0
2023-wimbledon-1405,Jannik Sinner,Daniel Elahi Galan,02:27:53,3,7,200,2,0,4,2,40,0,1,1,1,112,88,1,0,1,0,1,0,0,0,0,0,0,0,0,0,0,0,0,0,0,0,0,0.724,1.015,1,123.0,C,NCTL,,1.6937285172799497,-0.10533028377690444,0,0,0,1,0,0,1,0,0
2023-wimbledon-1405,Jannik Sinner,Daniel Elahi Galan,02:29:41,3,8,201,2,0,5,2,0,0,2,2,1,113,88,0,0,0,0,0,0,0,0,1,0,1,0,0,0,0,0,0,0,0,0,0,7.084,6.026,0,,BC,CTL,ND,1.3398285552678955,0.11736735329857063,0,1,0,0,0,1,0,0,1
2023-wimbledon-1405,Jannik Sinner,Daniel Elahi Galan,02:30:27,3,8,202,2,0,5,2,15,0,2,1,2,113,89,0,0,0,0,0,1,0,0,0,0,0,0,0,0,0,0,0,0,0,0,0,1.234,1.559,1,111.0,BW,NCTL,,1.3641280509050338,-0.030753222335181407,0,0,1,0,0,0,1,0,0
2023-wimbledon-1405,Jannik Sinner,Daniel Elahi Galan,02:30:43,3,8,203,2,0,5,2,15,15,2,1,2,113,90,0,0,0,0,0,0,0,0,0,0,0,0,0,0,0,0,0,0,0,0,0,3.942,3.04,1,118.0,C,NCTL,D,1.2252435675683855,0.04966906253184861,0,0,0,1,0,0,1,1,0
2023-wimbledon-1405,Jannik Sinner,Daniel Elahi Galan,02:31:00,3,8,204,2,0,5,2,15,30,2,2,1,114,90,0,0,0,0,0,0,0,0,0,0,0,0,0,0,0,0,0,0,0,0,0,20.767,18.37,6,91.0,BW,CTL,ND,1.3872137279010857,-0.16780972605453567,0,0,1,0,0,1,0,0,1
2023-wimbledon-1405,Jannik Sinner,Daniel Elahi Galan,02:31:43,3,8,205,2,0,5,2,30,30,2,1,1,115,90,0,0,0,0,1,0,B,0,0,0,0,0,0,0,0,0,0,0,0,0,0,52.606,19.889,6,111.0,W,NCTL,ND,1.8017915175355923,-0.6493061064004937,0,0,0,0,1,0,1,0,1
2023-wimbledon-1405,Jannik Sinner,Daniel Elahi Galan,02:32:21,3,8,206,2,0,5,2,40,30,2,1,2,115,91,0,0,0,0,0,0,0,0,0,0,0,0,0,0,0,1,0,0,0,1,0,8.153,5.076,1,119.0,W,CTL,D,2.044097218147654,-0.8897363685979136,0,0,0,0,1,1,0,1,0
2023-wimbledon-1405,Jannik Sinner,Daniel Elahi Galan,02:32:45,3,8,207,2,0,5,2,40,40,2,1,1,116,91,0,0,0,0,1,0,B,0,0,0,0,0,0,0,0,0,0,0,0,0,0,16.416,12.736,4,110.0,BW,NCTL,D,2.6068981668958977,-1.3962488611315973,0,0,1,0,0,0,1,1,0
2023-wimbledon-1405,Jannik Sinner,Daniel Elahi Galan,02:33:13,3,8,208,2,0,5,2,AD,40,2,2,2,116,92,0,0,0,0,0,0,0,0,0,1,0,0,0,0,0,1,0,0,0,1,0,6.463,6.841,1,84.0,BC,NCTL,ND,2.9098558198503715,-1.707430487659464,0,1,0,0,0,0,1,0,1
2023-wimbledon-1405,Jannik Sinner,Daniel Elahi Galan,02:33:52,3,8,209,2,0,5,2,40,40,2,1,2,116,93,0,0,0,0,0,0,0,0,0,0,0,0,0,0,0,0,0,0,0,0,0,8.507,6.692,1,122.0,C,NCTL,D,3.0273689284092367,-1.8171092572587602,0,0,0,1,0,0,1,1,0
2023-wimbledon-1405,Jannik Sinner,Daniel Elahi Galan,02:34:12,3,8,210,2,0,5,2,40,AD,2,1,2,116,94,2,0,0,0,0,1,F,0,0,0,0,0,0,0,0,0,0,0,0,0,0,11.139,5.742,3,116.0,W,CTL,ND,2.9297831358989943,-1.7178532280643044,0,0,0,0,1,1,0,0,1
2023-wimbledon-1405,Jannik Sinner,Daniel Elahi Galan,02:34:49,3,9,211,2,0,5,3,0,0,1,1,2,116,95,0,0,0,0,0,1,B,0,0,0,0,0,1,0,1,0,0,0,0,0,0,43.466,56.043,10,128.0,C,NCTL,ND,2.4500582604766272,-1.397759365012585,0,0,0,1,0,0,1,0,1
2023-wimbledon-1405,Jannik Sinner,Daniel Elahi Galan,02:35:35,3,9,212,2,0,5,3,0,15,1,1,1,117,95,0,0,0,0,1,0,F,0,0,0,0,0,0,0,0,0,0,0,0,0,0,6.59,7.508,3,122.0,BW,NCTL,ND,1.8021200001827231,-0.7768707233800966,0,0,1,0,0,0,1,0,1
2023-wimbledon-1405,Jannik Sinner,Daniel Elahi Galan,02:36:03,3,9,213,2,0,5,3,15,15,1,1,1,118,95,0,0,0,0,1,0,F,0,0,0,0,0,0,0,0,0,0,0,0,0,0,7.45,11.53,3,115.0,W,CTL,D,1.431140236730407,-0.4363057248247893,0,0,0,0,1,1,0,1,0
2023-wimbledon-1405,Jannik Sinner,Daniel Elahi Galan,02:36:33,3,9,214,2,0,5,3,30,15,1,2,1,119,95,0,0,0,0,0,0,0,0,0,0,0,0,0,0,0,0,0,0,0,0,0,8.26,12.624,1,106.0,BC,NCTL,D,1.3400714129877165,-0.36717287886640637,0,1,0,0,0,0,1,1,0
2023-wimbledon-1405,Jannik Sinner,Daniel Elahi Galan,02:37:03,3,9,215,2,0,5,3,40,15,1,1,1,120,95,1,1,0,0,0,0,0,0,0,0,0,1,0,1,0,0,0,0,0,0,0,18.844,27.743,3,116.0,W,NCTL,ND,1.073474948583443,-0.020787180008950842,0,0,0,0,1,0,1,0,1
