match_id,player1,player2,elapsed_time,set_no,game_no,point_no,p1_sets,p2_sets,p1_games,p2_games,p1_score,p2_score,server,serve_no,point_victor,p1_points_won,p2_points_won,game_victor,set_victor,p1_ace,p2_ace,p1_winner,p2_winner,winner_shot_type,p1_double_fault,p2_double_fault,p1_unf_err,p2_unf_err,p1_net_pt,p2_net_pt,p1_net_pt_won,p2_net_pt_won,p1_break_pt,p2_break_pt,p1_break_pt_won,p2_break_pt_won,p1_break_pt_missed,p2_break_pt_missed,p1_distance_run,p2_distance_run,rally_count,speed_mph,serve_width,serve_depth,return_depth,comprehensive_momentum_1,comprehensive_momentum_2
2023-wimbledon-1408,Hubert Hurkacz,Novak Djokovic,00:00:00,1,1,1,0,0,0,0,0,0,1,1,1,1,0,0,0,0,0,0,0,0,0,0,0,0,0,0,0,0,0,0,0,0,0,0,10.67,15.447,1,114.0,W,CTL,D,0.0,0.0
2023-wimbledon-1408,Hubert Hurkacz,Novak Djokovic,00:00:15,1,1,2,0,0,0,0,15,0,1,1,1,2,0,0,0,1,0,1,0,0,0,0,0,0,0,0,0,0,0,0,0,0,0,0,0.552,0.911,1,131.0,C,CTL,,0.02488543169398907,-0.02028543169398907
2023-wimbledon-1408,Hubert Hurkacz,Novak Djokovic,00:00:29,1,1,3,0,0,0,0,30,0,1,1,2,2,1,0,0,0,0,0,1,B,0,0,0,0,1,0,0,0,0,0,0,0,0,0,17.678,23.801,6,132.0,C,CTL,D,0.1001771124240437,-0.07966327242404371
2023-wimbledon-1408,Hubert Hurkacz,Novak Djokovic,00:00:57,1,1,4,0,0,0,0,30,15,1,1,1,3,1,0,0,0,0,0,0,0,0,0,0,0,0,0,0,0,0,0,0,0,0,0,0.0,0.0,1,127.0,,,,0.19952346408404226,-0.15093744198676223
2023-wimbledon-1408,Hubert Hurkacz,Novak Djokovic,00:01:13,1,1,5,0,0,0,0,40,15,1,2,1,4,1,1,0,0,0,1,0,B,0,0,0,0,1,0,1,0,0,0,0,0,0,0,29.48,39.243,7,99.0,BC,NCTL,D,0.326468807124505,-0.2506412041209175
2023-wimbledon-1408,Hubert Hurkacz,Novak Djokovic,00:02:31,1,2,6,0,0,1,0,0,0,2,1,2,4,2,0,0,0,0,0,0,0,0,0,0,0,0,0,0,0,0,0,0,0,0,0,1.372,0.556,1,125.0,C,NCTL,,0.5183382815157567,-0.3979916677573198
2023-wimbledon-1408,Hubert Hurkacz,Novak Djokovic,00:02:53,1,2,7,0,0,1,0,0,15,2,1,2,4,3,0,0,0,0,0,0,0,0,0,0,0,0,0,0,0,0,0,0,0,0,0,33.986,29.908,9,123.0,BW,NCTL,ND,0.7517826451336982,-0.5581790324995642
2023-wimbledon-1408,Hubert Hurkacz,Novak Djokovic,00:03:28,1,2,8,0,0,1,0,0,30,2,1,2,4,4,0,0,0,1,0,1,0,0,0,0,0,0,0,0,0,0,0,0,0,0,0,1.221,1.393,1,113.0,W,CTL,,0.9749389365575352,-0.6922114501164217
2023-wimbledon-1408,Hubert Hurkacz,Novak Djokovic,00:03:50,1,2,9,0,0,1,0,0,40,2,1,2,4,5,2,0,0,0,0,0,0,0,0,0,0,0,0,0,0,0,0,0,0,0,0,14.213,10.1,1,123.0,W,NCTL,D,1.1809243353508598,-0.7727017343743454
2023-wimbledon-1408,Hubert Hurkacz,Novak Djokovic,00:04:16,1,3,10,0,0,1,1,0,0,1,1,2,4,6,0,0,0,0,0,0,0,0,0,1,0,0,0,0,0,0,0,0,0,0,0,4.415,7.467,2,120.0,BW,NCTL,D,1.3677005272368592,-0.7775952667377175
2023-wimbledon-1408,Hubert Hurkacz,Novak Djokovic,00:04:35,1,3,11,0,0,1,1,0,15,1,1,1,5,6,0,0,0,0,0,0,0,0,0,0,0,0,0,0,0,0,0,0,0,0,0,7.384,10.759,1,132.0,C,CTL,D,1.3691294255779833,-0.6960209904572998
2023-wimbledon-1408,Hubert Hurkacz,Novak Djokovic,00:04:53,1,3,12,0,0,1,1,15,15,1,1,1,6,6,0,0,0,0,0,0,0,0,0,0,0,1,0,1,0,0,0,0,0,0,0,2.452,3.667,1,124.0,W,CTL,,1.1038099764269453,-0.37622049902989235
2023-wimbledon-1408,Hubert Hurkacz,Novak Djokovic,00:05:11,1,3,13,0,0,1,1,30,15,1,1,1,7,6,0,0,0,0,0,0,0,0,0,0,0,0,0,0,0,0,0,0,0,0,0,0.0,0.0,1,135.0,,,,0.6338212773130751,0.13069917131187664
2023-wimbledon-1408,Hubert Hurkacz,Novak Djokovic,00:05:27,1,3,14,0,0,1,1,40,15,1,1,2,7,7,0,0,0,0,0,0,0,0,0,0,0,1,0,0,0,0,0,0,0,0,0,14.037,15.59,2,132.0,B,NCTL,,0.5352837509435066,0.35383788879385514
2023-wimbledon-1408,Hubert Hurkacz,Novak Djokovic,00:05:51,1,3,15,0,0,1,1,40,30,1,1,1,8,7,1,0,0,0,1,0,B,0,0,0,0,1,0,1,0,0,0,0,0,0,0,26.357,50.482,7,135.0,BW,NCTL,ND,0.19478209200201385,0.7784708289994078
2023-wimbledon-1408,Hubert Hurkacz,Novak Djokovic,00:07:45,1,4,16,0,0,2,1,0,0,2,1,2,8,8,0,0,0,1,0,1,0,0,0,0,0,0,0,0,0,0,0,0,0,0,0,1.028,1.093,1,112.0,W,CTL,,-0.3919044783764294,1.462105645783472
2023-wimbledon-1408,Hubert Hurkacz,Novak Djokovic,00:08:06,1,4,17,0,0,2,1,0,15,2,1,2,8,9,0,0,0,0,0,0,0,0,0,0,0,0,0,0,0,0,0,0,0,0,0,23.886,15.17,5,118.0,C,NCTL,D,-0.7103573593923475,1.780277952386274
2023-wimbledon-1408,Hubert Hurkacz,Novak Djokovic,00:08:36,1,4,18,0,0,2,1,0,30,2,1,2,8,10,0,0,0,0,0,1,B,0,0,0,0,0,0,0,0,0,0,0,0,0,0,30.108,13.104,3,107.0,W,NCTL,ND,-0.752568375660957,1.8131181631799442
2023-wimbledon-1408,Hubert Hurkacz,Novak Djokovic,00:09:00,1,4,19,0,0,2,1,0,40,2,1,2,8,11,2,0,0,0,0,0,0,0,0,0,0,0,1,0,1,0,0,0,0,0,0,6.807,13.355,1,126.0,BW,CTL,ND,-0.6308936753351065,1.6700500484077418
2023-wimbledon-1408,Hubert Hurkacz,Novak Djokovic,00:09:34,1,5,20,0,0,2,2,0,0,1,1,2,8,12,0,0,0,0,0,0,0,0,0,1,0,0,0,0,0,0,0,0,0,0,0,5.29,6.611,2,134.0,C,NCTL,ND,-0.3494634603075636,1.3761155889202408
2023-wimbledon-1408,Hubert Hurkacz,Novak Djokovic,00:09:57,1,5,21,0,0,2,2,0,15,1,1,1,9,12,0,0,0,0,0,0,0,0,0,0,0,1,0,1,0,0,0,0,0,0,0,13.075,6.877,1,131.0,W,CTL,ND,0.045105175513468425,0.9971683288116958
2023-wimbledon-1408,Hubert Hurkacz,Novak Djokovic,00:10:21,1,5,22,0,0,2,2,15,15,1,1,1,10,12,0,0,0,0,0,0,0,0,0,0,0,0,0,0,0,0,0,0,0,0,0,11.741,8.131,1,132.0,C,NCTL,ND,0.10139158682105981,0.935670067189885
2023-wimbledon-1408,Hubert Hurkacz,Novak Djokovic,00:10:41,1,5,23,0,0,2,2,30,15,1,2,1,11,12,0,0,0,0,0,0,0,0,0,0,1,0,0,0,0,0,0,0,0,0,0,15.025,13.173,3,90.0,BW,NCTL,D,-0.10219753861437797,1.1272599758067097
2023-wimbledon-1408,Hubert Hurkacz,Novak Djokovic,00:11:15,1,5,24,0,0,2,2,40,15,1,1,1,12,12,1,0,0,0,1,0,B,0,0,0,0,1,0,1,0,0,0,0,0,0,0,11.796,12.606,5,133.0,C,NCTL,,-0.5163864253315822,1.5192806287397405
2023-wimbledon-1408,Hubert Hurkacz,Novak Djokovic,00:13:14,1,6,25,0,0,3,2,0,0,2,1,2,12,13,0,0,0,0,0,0,0,0,0,0,0,0,1,0,1,0,0,0,0,0,0,18.656,17.573,3,108.0,W,CTL,,-0.5820438815828748,1.6580572705295864
2023-wimbledon-1408,Hubert Hurkacz,Novak Djokovic,00:13:42,1,6,26,0,0,3,2,0,15,2,1,2,12,14,0,0,0,0,0,1,F,0,0,0,0,0,1,0,1,0,0,0,0,0,0,26.476,42.1,5,121.0,W,NCTL,,-0.9467629213820121,2.067622524590841
2023-wimbledon-1408,Hubert Hurkacz,Novak Djokovic,00:14:10,1,6,27,0,0,3,2,0,30,2,2,2,12,15,0,0,0,0,0,0,0,0,0,0,0,0,0,0,0,0,0,0,0,0,0,1.419,0.693,1,99.0,W,CTL,,-1.084538124229991,2.244174993811629
2023-wimbledon-1408,Hubert Hurkacz,Novak Djokovic,00:14:46,1,6,28,0,0,3,2,0,40,2,1,2,12,16,2,0,0,1,0,1,0,0,0,0,0,0,0,0,0,0,0,0,0,0,0,9.403,11.867,1,123.0,W,CTL,,-1.0190550488350314,2.2076896601410554
2023-wimbledon-1408,Hubert Hurkacz,Novak Djokovic,00:15:14,1,7,29,0,0,3,3,0,0,1,2,1,13,16,0,0,0,0,1,0,F,0,0,0,0,0,0,0,0,0,0,0,0,0,0,24.853,36.839,7,105.0,C,NCTL,ND,-0.796702495160766,2.001619927222242
2023-wimbledon-1408,Hubert Hurkacz,Novak Djokovic,00:16:09,1,7,30,0,0,3,3,15,0,1,1,1,14,16,0,0,0,0,1,0,F,0,0,0,0,1,0,1,0,0,0,0,0,0,0,9.118,11.933,5,130.0,C,NCTL,ND,-0.40675197321942286,1.6105333593027775
2023-wimbledon-1408,Hubert Hurkacz,Novak Djokovic,00:16:34,1,7,31,0,0,3,3,30,0,1,1,1,15,16,0,0,1,0,1,0,0,0,0,0,0,0,0,0,0,0,0,0,0,0,0,8.528,13.844,1,114.0,W,CTL,D,0.21811696536104397,1.0620228248073154
2023-wimbledon-1408,Hubert Hurkacz,Novak Djokovic,00:16:49,1,7,32,0,0,3,3,40,0,1,1,1,16,16,1,0,1,0,1,0,0,0,0,0,0,0,0,0,0,0,0,0,0,0,0,0.837,0.765,1,131.0,W,CTL,,0.5676369932160631,0.7791520686191863
2023-wimbledon-1408,Hubert Hurkacz,Novak Djokovic,00:18:26,1,8,33,0,0,4,3,0,0,2,1,1,17,16,0,0,0,0,0,0,0,0,0,0,0,0,0,0,0,0,0,0,0,0,0,29.846,23.674,8,120.0,BC,NCTL,ND,0.6904278867779551,0.7102141412471323
2023-wimbledon-1408,Hubert Hurkacz,Novak Djokovic,00:19:00,1,8,34,0,0,4,3,15,0,2,2,2,17,17,0,0,0,0,0,0,0,0,0,0,0,0,0,0,0,0,0,0,0,0,0,7.352,7.079,1,113.0,C,NCTL,D,0.6792739086344883,0.8114165621444571
2023-wimbledon-1408,Hubert Hurkacz,Novak Djokovic,00:19:37,1,8,35,0,0,4,3,15,15,2,2,2,17,18,0,0,0,0,0,0,0,0,0,1,0,0,0,0,0,0,0,0,0,0,0,12.975,9.903,1,96.0,B,NCTL,D,0.3857267669952318,1.098241908072277
2023-wimbledon-1408,Hubert Hurkacz,Novak Djokovic,00:20:16,1,8,36,0,0,4,3,15,30,2,1,2,17,19,0,0,0,0,0,1,F,0,0,0,0,0,1,0,1,0,0,0,0,0,0,18.596,15.717,7,117.0,C,NCTL,ND,0.3701795846619292,1.1099457840306113
2023-wimbledon-1408,Hubert Hurkacz,Novak Djokovic,00:20:53,1,8,37,0,0,4,3,15,40,2,1,2,17,20,2,0,0,0,0,0,0,0,0,0,0,0,0,0,0,0,0,0,0,0,0,0.911,0.581,1,125.0,C,NCTL,,0.6013566323901097,0.8724663280094148
2023-wimbledon-1408,Hubert Hurkacz,Novak Djokovic,00:21:26,1,9,38,0,0,4,4,0,0,1,1,2,17,21,0,0,0,0,0,0,0,0,0,1,0,0,0,0,0,0,0,0,0,0,0,56.006,57.488,8,135.0,C,NCTL,D,0.9954725330727308,0.46532393719297976
2023-wimbledon-1408,Hubert Hurkacz,Novak Djokovic,00:22:02,1,9,39,0,0,4,4,0,15,1,2,2,17,22,0,0,0,0,0,0,0,0,0,1,0,0,0,0,0,0,0,0,0,0,0,27.196,29.005,8,101.0,B,NCTL,ND,1.5107883876250556,-0.08113299212007363
2023-wimbledon-1408,Hubert Hurkacz,Novak Djokovic,00:23:09,1,9,40,0,0,4,4,0,30,1,1,1,18,22,0,0,0,0,1,0,F,0,0,0,0,1,0,1,0,0,0,0,0,0,0,9.046,13.349,3,118.0,W,CTL,,1.5963834917142457,-0.2200347036207394
2023-wimbledon-1408,Hubert Hurkacz,Novak Djokovic,00:23:35,1,9,41,0,0,4,4,15,30,1,1,1,19,22,0,0,0,0,1,0,F,0,0,0,0,1,0,1,0,0,0,0,0,0,0,14.657,20.845,7,131.0,C,NCTL,ND,1.3707077222904651,-0.06366291994399477
2023-wimbledon-1408,Hubert Hurkacz,Novak Djokovic,00:24:07,1,9,42,0,0,4,4,30,30,1,1,1,20,22,0,0,0,0,0,0,0,0,0,0,0,0,0,0,0,0,0,0,0,0,0,1.24,2.014,1,131.0,C,NCTL,,0.9209565425252995,0.31798071563474617
2023-wimbledon-1408,Hubert Hurkacz,Novak Djokovic,00:24:26,1,9,43,0,0,4,4,40,30,1,1,2,20,23,0,0,0,0,0,0,0,0,0,1,0,0,0,0,0,0,0,0,0,0,0,2.685,3.536,2,138.0,W,NCTL,ND,0.29070123654171803,0.8993891444862743
2023-wimbledon-1408,Hubert Hurkacz,Novak Djokovic,00:25:21,1,9,44,0,0,4,4,40,40,1,1,1,21,23,0,0,0,0,0,0,0,0,0,0,0,0,0,0,0,0,0,0,0,0,0,7.44,6.764,1,141.0,C,CTL,D,-0.5437092703201927,1.773226872351473
2023-wimbledon-1408,Hubert Hurkacz,Novak Djokovic,00:25:41,1,9,45,0,0,4,4,AD,40,1,1,1,22,23,1,0,0,0,1,0,F,0,0,0,0,0,0,0,0,0,0,0,0,0,0,5.354,6.882,3,129.0,BW,NCTL,ND,-1.0755994301462097,2.3616050061874208
2023-wimbledon-1408,Hubert Hurkacz,Novak Djokovic,00:27:27,1,10,46,0,0,5,4,0,0,2,1,2,22,24,0,0,0,0,0,1,F,0,0,0,0,0,0,0,0,0,0,0,0,0,0,7.118,6.536,3,123.0,C,NCTL,ND,-1.3166274306106465,2.6527829368345945
2023-wimbledon-1408,Hubert Hurkacz,Novak Djokovic,00:27:53,1,10,47,0,0,5,4,0,15,2,1,2,22,25,0,0,0,1,0,1,0,0,0,0,0,0,0,0,0,0,0,0,0,0,0,0.578,0.569,1,121.0,W,CTL,,-1.300405602616568,2.497623310579916
2023-wimbledon-1408,Hubert Hurkacz,Novak Djokovic,00:28:18,1,10,48,0,0,5,4,0,30,2,2,1,23,25,0,0,0,0,0,0,0,0,0,0,1,0,0,0,0,0,0,0,0,0,0,5.334,5.281,2,89.0,BC,NCTL,D,-1.0858875720431156,2.164803166310258
2023-wimbledon-1408,Hubert Hurkacz,Novak Djokovic,00:29:02,1,10,49,0,0,5,4,15,30,2,2,1,24,25,0,0,0,0,0,0,0,0,1,0,1,0,0,0,0,0,0,0,0,0,0,0.855,0.524,0,,C,NCTL,,-0.5297865219579985,1.58085062379836
2023-wimbledon-1408,Hubert Hurkacz,Novak Djokovic,00:29:49,1,10,50,0,0,5,4,30,30,2,1,2,24,26,0,0,0,0,0,1,B,0,0,0,0,0,0,0,0,0,0,0,0,0,0,17.695,15.038,3,122.0,C,NCTL,ND,0.32565211277077494,0.7867529461092126
2023-wimbledon-1408,Hubert Hurkacz,Novak Djokovic,00:30:20,1,10,51,0,0,5,4,30,40,2,2,1,25,26,0,0,0,0,0,0,0,0,0,0,1,0,0,0,0,0,0,0,0,0,0,4.226,3.0,2,98.0,BC,NCTL,ND,0.8734793500754049,0.29899522851285465
2023-wimbledon-1408,Hubert Hurkacz,Novak Djokovic,00:31:10,1,10,52,0,0,5,4,40,40,2,1,2,25,27,0,0,0,0,0,0,0,0,0,0,0,0,1,0,1,0,0,0,0,0,0,1.334,1.224,1,109.0,W,NCTL,,1.1331688835825324,0.074639230675462
2023-wimbledon-1408,Hubert Hurkacz,Novak Djokovic,00:31:36,1,10,53,0,0,5,4,40,AD,2,1,2,25,28,2,0,0,0,0,0,0,0,0,0,0,0,0,0,0,0,0,0,0,0,0,7.591,5.657,1,121.0,C,NCTL,D,1.1734419055594236,0.08265566563506695
2023-wimbledon-1408,Hubert Hurkacz,Novak Djokovic,00:32:07,1,11,54,0,0,5,5,0,0,1,1,1,26,28,0,0,1,0,1,0,0,0,0,0,0,0,0,0,0,0,0,0,0,0,0,0.634,0.839,1,120.0,W,NCTL,,1.5140285643107954,-0.08373348114954544
2023-wimbledon-1408,Hubert Hurkacz,Novak Djokovic,00:32:25,1,11,55,0,0,5,5,15,0,1,1,1,27,28,0,0,0,0,1,0,F,0,0,0,0,1,0,1,0,0,0,0,0,0,0,1.525,2.111,3,128.0,C,NCTL,,1.3091911587541512,-0.02250113931456362
2023-wimbledon-1408,Hubert Hurkacz,Novak Djokovic,00:32:45,1,11,56,0,0,5,5,30,0,1,1,1,28,28,0,0,1,0,1,0,0,0,0,0,0,0,0,0,0,0,0,0,0,0,0,0.84,1.462,1,118.0,W,CTL,,0.9269044164425317,0.23501892514791334
2023-wimbledon-1408,Hubert Hurkacz,Novak Djokovic,00:33:01,1,11,57,0,0,5,5,40,0,1,1,1,29,28,1,0,1,0,1,0,0,0,0,0,0,0,0,0,0,0,0,0,0,0,0,0.789,1.083,1,123.0,C,NCTL,,0.857577589952227,0.19859697652480995
2023-wimbledon-1408,Hubert Hurkacz,Novak Djokovic,00:34:38,1,12,58,0,0,6,5,0,0,2,1,2,29,29,0,0,0,0,0,1,F,0,0,0,0,0,0,0,0,0,0,0,0,0,0,6.714,4.626,3,123.0,C,NCTL,ND,1.1130600405137137,-0.08921569445016034
2023-wimbledon-1408,Hubert Hurkacz,Novak Djokovic,00:35:03,1,12,59,0,0,6,5,0,15,2,1,2,29,30,0,0,0,0,0,0,0,0,0,0,0,0,0,0,0,0,0,0,0,0,0,1.169,0.887,1,124.0,W,NCTL,,1.1746211846056913,-0.19772351859363796
2023-wimbledon-1408,Hubert Hurkacz,Novak Djokovic,00:35:27,1,12,60,0,0,6,5,0,30,2,1,2,29,31,0,0,0,0,0,0,0,0,0,0,0,0,1,0,1,0,0,0,0,0,0,10.893,5.845,3,112.0,W,CTL,ND,1.0343574177137649,-0.04137420493671788
2023-wimbledon-1408,Hubert Hurkacz,Novak Djokovic,00:35:54,1,12,61,0,0,6,5,0,40,2,2,2,29,32,2,0,0,0,0,0,0,0,0,0,0,0,0,0,0,0,0,0,0,0,0,44.226,39.734,7,101.0,C,NCTL,ND,1.1285709737676233,-0.12895028084536905
2023-wimbledon-1408,Hubert Hurkacz,Novak Djokovic,00:36:49,1,13,62,0,0,6,6,0,0,1,1,1,30,32,0,0,0,0,0,0,0,0,0,0,0,1,0,1,0,0,0,0,0,0,0,21.229,23.038,5,136.0,C,NCTL,,0.9876613103887998,0.12931888398597519
2023-wimbledon-1408,Hubert Hurkacz,Novak Djokovic,00:37:32,1,13,63,0,0,6,6,1,0,2,2,2,30,33,0,0,0,0,0,0,0,0,0,1,0,0,0,0,0,0,0,0,0,0,0,2.881,1.308,1,87.0,B,NCTL,,1.0716252309047238,0.19289286924669255
2023-wimbledon-1408,Hubert Hurkacz,Novak Djokovic,00:38:29,1,13,64,0,0,6,6,1,1,2,1,2,30,34,0,0,0,0,0,0,0,0,0,1,0,0,0,0,0,0,0,0,0,0,0,9.373,6.085,3,125.0,C,NCTL,ND,1.3593856022211321,-0.030219494608055612
2023-wimbledon-1408,Hubert Hurkacz,Novak Djokovic,00:39:03,1,13,65,0,0,6,6,1,2,1,1,1,31,34,0,0,0,0,0,0,0,0,0,0,0,0,0,0,0,0,0,0,0,0,0,13.462,8.733,1,126.0,BC,NCTL,D,1.3069681638069974,0.04818598433013548
2023-wimbledon-1408,Hubert Hurkacz,Novak Djokovic,00:39:24,1,13,66,0,0,6,6,2,2,1,1,1,32,34,0,0,1,0,1,0,0,0,0,0,0,0,0,0,0,0,0,0,0,0,0,8.226,8.528,1,137.0,C,CTL,,1.0027582139188789,0.3685403098623376
2023-wimbledon-1408,Hubert Hurkacz,Novak Djokovic,00:39:56,1,13,67,0,0,6,6,3,2,2,1,2,32,35,0,0,0,0,0,0,0,0,0,0,0,0,0,0,0,0,0,0,0,0,0,3.103,1.776,1,119.0,C,NCTL,,0.5089194523957012,0.8804576339769765
2023-wimbledon-1408,Hubert Hurkacz,Novak Djokovic,00:40:54,1,13,68,0,0,6,6,3,3,2,2,1,33,35,0,0,0,0,0,0,0,0,1,0,1,0,0,0,0,0,0,0,0,0,0,0.0,0.0,0,,,,,-0.1855640305029324,1.6148991362529912
2023-wimbledon-1408,Hubert Hurkacz,Novak Djokovic,00:41:49,1,13,69,0,0,6,6,4,3,1,1,1,34,35,0,0,1,0,1,0,0,0,0,0,0,0,0,0,0,0,0,0,0,0,0,0.0,0.0,1,130.0,,,,-0.5885342667118536,2.0800513322691057
2023-wimbledon-1408,Hubert Hurkacz,Novak Djokovic,00:42:09,1,13,70,0,0,6,6,5,3,1,1,1,35,35,0,0,1,0,1,0,0,0,0,0,0,0,0,0,0,0,0,0,0,0,0,8.265,5.211,1,123.0,W,CTL,,-0.7145151786479932,2.266856341178273
2023-wimbledon-1408,Hubert Hurkacz,Novak Djokovic,00:42:35,1,13,71,0,0,6,6,6,3,2,2,2,35,36,0,0,0,0,0,0,0,0,0,1,0,0,0,0,0,0,0,0,0,0,0,8.223,8.835,3,87.0,BW,NCTL,ND,-0.5670274762054347,2.2058589253323433
2023-wimbledon-1408,Hubert Hurkacz,Novak Djokovic,00:43:22,1,13,72,0,0,6,6,6,4,2,1,2,35,37,0,0,0,0,0,0,0,0,0,0,0,0,1,0,1,0,0,0,0,0,0,2.624,2.078,1,106.0,W,CTL,,-0.12213712901661435,1.6970450640697239
2023-wimbledon-1408,Hubert Hurkacz,Novak Djokovic,00:43:54,1,13,73,0,0,6,6,6,5,1,1,2,35,38,0,0,0,0,0,0,0,0,0,1,0,1,0,0,0,0,0,0,0,0,0,4.266,8.284,2,130.0,BC,NCTL,ND,-0.0030130929506550774,1.515683011644786
2023-wimbledon-1408,Hubert Hurkacz,Novak Djokovic,00:44:51,1,13,74,0,0,6,6,6,6,1,2,2,35,39,0,0,0,0,0,0,0,0,0,1,0,0,0,0,0,0,0,0,0,0,0,16.674,20.377,6,100.0,BC,NCTL,D,0.28859111394780995,1.1574988557875079
2023-wimbledon-1408,Hubert Hurkacz,Novak Djokovic,00:45:51,1,13,75,0,0,6,6,6,7,2,2,2,35,40,2,2,0,0,0,0,0,0,0,1,0,0,0,0,0,0,0,0,0,0,0,0.997,0.68,1,82.0,C,NCTL,,0.715448485363582,0.6480503400434985
2023-wimbledon-1408,Hubert Hurkacz,Novak Djokovic,00:48:35,2,1,76,0,1,0,0,0,0,2,1,1,36,40,0,0,0,0,1,0,F,0,0,0,0,0,0,0,0,0,0,0,0,0,0,28.083,24.409,8,109.0,W,CTL,D,0.7942107411537472,0.5058467403156153
2023-wimbledon-1408,Hubert Hurkacz,Novak Djokovic,00:49:12,2,1,77,0,1,0,0,15,0,2,2,2,36,41,0,0,0,0,0,0,0,0,0,1,0,0,0,0,0,0,0,0,0,0,0,33.957,37.661,11,105.0,BC,NCTL,ND,0.5997813519594619,0.6846476288051894
2023-wimbledon-1408,Hubert Hurkacz,Novak Djokovic,00:50:15,2,1,78,0,1,0,0,15,15,2,1,2,36,42,0,0,0,0,0,1,F,0,0,0,0,0,0,0,0,0,0,0,0,0,0,6.937,4.52,3,111.0,W,NCTL,ND,0.5955944551289514,0.6800131609290891
2023-wimbledon-1408,Hubert Hurkacz,Novak Djokovic,00:50:44,2,1,79,0,1,0,0,15,30,2,1,2,36,43,0,0,0,1,0,1,0,0,0,0,0,0,0,0,0,0,0,0,0,0,0,0.882,0.717,1,118.0,C,NCTL,,0.2983057374436351,1.0488446819591473
2023-wimbledon-1408,Hubert Hurkacz,Novak Djokovic,00:51:06,2,1,80,0,1,0,0,15,40,2,1,2,36,44,2,0,0,0,0,0,0,0,0,0,0,0,0,0,0,0,0,0,0,0,0,24.238,14.676,1,104.0,W,CTL,D,-0.29462134906537674,1.7330259606474687
2023-wimbledon-1408,Hubert Hurkacz,Novak Djokovic,00:52:02,2,2,81,0,1,0,1,0,0,1,1,1,37,44,0,0,0,0,0,0,0,0,0,0,0,0,0,0,0,0,0,0,0,0,0,1.07,1.107,1,117.0,W,CTL,,-1.1637109713133387,2.834123308083351
2023-wimbledon-1408,Hubert Hurkacz,Novak Djokovic,00:52:18,2,2,82,0,1,0,1,15,0,1,1,1,38,44,0,0,1,0,1,0,0,0,0,0,0,0,0,0,0,0,0,0,0,0,0,0.633,0.905,1,123.0,C,NCTL,,-1.7994676531305438,3.7875683912137985
2023-wimbledon-1408,Hubert Hurkacz,Novak Djokovic,00:52:44,2,2,83,0,1,0,1,30,0,1,1,1,39,44,0,0,0,0,0,0,0,0,0,0,0,0,0,0,0,0,0,0,0,0,0,0.615,1.176,1,120.0,W,CTL,,-2.2053456380356002,4.5272673875367415
2023-wimbledon-1408,Hubert Hurkacz,Novak Djokovic,00:52:59,2,2,84,0,1,0,1,40,0,1,1,1,40,44,1,0,0,0,0,0,0,0,0,0,0,1,0,1,0,0,0,0,0,0,0,20.071,13.103,3,127.0,BW,NCTL,,-2.3377217917900985,5.193203556698291
2023-wimbledon-1408,Hubert Hurkacz,Novak Djokovic,00:53:38,2,3,85,0,1,1,1,0,0,2,1,2,40,45,0,0,0,0,0,0,0,0,0,0,0,0,0,0,0,0,0,0,0,0,0,2.044,0.867,1,106.0,W,CTL,,-2.176976405947944,5.84363991051848
2023-wimbledon-1408,Hubert Hurkacz,Novak Djokovic,00:53:59,2,3,86,0,1,1,1,0,15,2,1,1,41,45,0,0,0,0,1,0,B,0,0,0,0,0,1,0,0,0,0,0,0,0,0,18.42,25.202,2,124.0,BW,CTL,D,-1.8375633655456722,5.052770524938398
2023-wimbledon-1408,Hubert Hurkacz,Novak Djokovic,00:54:27,2,3,87,0,1,1,1,15,15,2,2,2,41,46,0,0,0,0,0,0,0,0,0,1,0,0,0,0,0,0,0,0,0,0,0,8.944,5.873,3,98.0,W,CTL,ND,-1.7907168980744488,4.705737990686651
2023-wimbledon-1408,Hubert Hurkacz,Novak Djokovic,00:55:10,2,3,88,0,1,1,1,15,30,2,1,1,42,46,0,0,0,0,0,0,0,0,0,0,0,0,0,0,0,0,0,0,0,0,0,38.114,38.937,8,125.0,W,CTL,D,-1.4664465976912358,4.100919729738211
2023-wimbledon-1408,Hubert Hurkacz,Novak Djokovic,00:55:55,2,3,89,0,1,1,1,30,30,2,1,2,42,47,0,0,0,1,0,1,0,0,0,0,0,0,0,0,0,0,0,0,0,0,0,0.481,0.724,1,124.0,C,NCTL,,-0.9473148254420595,3.3416742852404844
2023-wimbledon-1408,Hubert Hurkacz,Novak Djokovic,00:56:20,2,3,90,0,1,1,1,30,40,2,1,2,42,48,2,0,0,0,0,0,0,0,0,0,0,0,0,0,0,0,0,0,0,0,0,10.266,8.012,1,120.0,C,NCTL,D,-0.27725670220142534,2.4478042673893112
2023-wimbledon-1408,Hubert Hurkacz,Novak Djokovic,00:57:52,2,4,91,0,1,1,2,0,0,1,2,2,42,49,0,0,0,0,0,0,0,0,0,1,0,0,0,0,0,0,0,0,0,0,0,17.883,22.8,6,102.0,B,NCTL,ND,0.5454572834110307,1.461279141642259
2023-wimbledon-1408,Hubert Hurkacz,Novak Djokovic,00:58:31,2,4,92,0,1,1,2,0,15,1,1,2,42,50,0,0,0,0,0,0,0,0,0,1,0,1,0,0,0,0,0,0,0,0,0,7.274,9.664,2,137.0,BW,NCTL,ND,0.9572169538457411,0.8524573454054729
2023-wimbledon-1408,Hubert Hurkacz,Novak Djokovic,00:59:00,2,4,93,0,1,1,2,0,30,1,2,1,43,50,0,0,0,0,0,0,0,0,0,0,0,0,0,0,0,0,0,0,0,0,0,0.941,1.508,1,102.0,C,NCTL,,1.021926243217273,0.5910262888016077
2023-wimbledon-1408,Hubert Hurkacz,Novak Djokovic,00:59:33,2,4,94,0,1,1,2,15,30,1,1,1,44,50,0,0,0,0,0,0,0,0,0,0,0,1,0,1,0,0,0,0,0,0,0,2.685,1.325,1,130.0,W,CTL,,0.812274644665658,0.6087359382483519
2023-wimbledon-1408,Hubert Hurkacz,Novak Djokovic,00:59:56,2,4,95,0,1,1,2,30,30,1,2,2,44,51,0,0,0,0,0,0,0,0,0,1,0,0,0,0,0,0,0,0,0,0,0,18.26,20.097,6,94.0,B,NCTL,D,0.37458546959829886,0.8837163989095617
2023-wimbledon-1408,Hubert Hurkacz,Novak Djokovic,01:00:44,2,4,96,0,1,1,2,30,40,1,1,1,45,51,0,0,1,0,1,0,0,0,0,0,0,0,0,0,0,0,1,0,0,0,1,0.5,0.835,1,124.0,C,NCTL,,0.173781896593913,0.9564058167572631
2023-wimbledon-1408,Hubert Hurkacz,Novak Djokovic,01:01:05,2,4,97,0,1,1,2,40,40,1,1,1,46,51,0,0,1,0,1,0,0,0,0,0,0,0,0,0,0,0,0,0,0,0,0,0.0,0.0,1,118.0,,,,-0.2280229792157758,1.3292730912978525
2023-wimbledon-1408,Hubert Hurkacz,Novak Djokovic,01:01:23,2,4,98,0,1,1,2,AD,40,1,1,1,47,51,1,0,1,0,1,0,0,0,0,0,0,0,0,0,0,0,0,0,0,0,0,0.449,0.738,1,130.0,C,CTL,,-0.35055980767568884,1.4441350658397052
2023-wimbledon-1408,Hubert Hurkacz,Novak Djokovic,01:01:54,2,5,99,0,1,2,2,0,0,2,1,1,48,51,0,0,0,0,0,0,0,0,0,0,0,0,0,0,0,0,0,0,0,0,0,28.922,30.088,6,107.0,BW,NCTL,D,-0.6896730244737789,1.8954499519135148
2023-wimbledon-1408,Hubert Hurkacz,Novak Djokovic,01:02:29,2,5,100,0,1,2,2,15,0,2,1,2,48,52,0,0,0,1,0,1,0,0,0,0,0,0,0,0,0,0,0,0,0,0,0,0.0,0.0,1,113.0,,,,-0.7248869960276195,1.799184455193743
2023-wimbledon-1408,Hubert Hurkacz,Novak Djokovic,01:02:55,2,5,101,0,1,2,2,15,15,2,2,2,48,53,0,0,0,0,0,1,F,0,0,0,0,0,1,0,1,0,0,0,0,0,0,26.82,30.515,5,81.0,BC,NCTL,D,-0.5029966346902586,1.4481384249973084
2023-wimbledon-1408,Hubert Hurkacz,Novak Djokovic,01:03:45,2,5,102,0,1,2,2,15,30,2,1,2,48,54,0,0,0,0,0,0,0,0,0,0,0,0,0,0,0,0,0,0,0,0,0,9.281,8.693,1,117.0,C,CTL,D,-0.006771838371740543,0.9224388311729229
2023-wimbledon-1408,Hubert Hurkacz,Novak Djokovic,01:04:10,2,5,103,0,1,2,2,15,40,2,1,2,48,55,2,0,0,0,0,1,B,0,0,0,0,1,0,0,0,0,0,0,0,0,0,52.068,36.573,7,110.0,W,CTL,D,0.6985753858799063,0.2784536561799778
2023-wimbledon-1408,Hubert Hurkacz,Novak Djokovic,01:05:50,2,6,104,0,1,2,3,0,0,1,2,2,48,56,0,0,0,0,0,1,B,0,0,0,0,0,0,0,0,0,0,0,0,0,0,3.287,4.805,2,96.0,C,NCTL,,1.0963315228573565,-0.03183054910856432
2023-wimbledon-1408,Hubert Hurkacz,Novak Djokovic,01:06:23,2,6,105,0,1,2,3,0,15,1,1,1,49,56,0,0,0,0,1,0,F,0,0,0,0,1,0,1,0,0,0,0,0,0,0,3.973,5.24,3,129.0,C,NCTL,ND,1.046237726742107,-0.008449858039905125
2023-wimbledon-1408,Hubert Hurkacz,Novak Djokovic,01:06:46,2,6,106,0,1,2,3,15,15,1,1,1,50,56,0,0,1,0,1,0,0,0,0,0,0,0,0,0,0,0,0,0,0,0,0,0.0,0.0,1,113.0,,,,1.252877155422894,-0.19171266738221593
2023-wimbledon-1408,Hubert Hurkacz,Novak Djokovic,01:07:05,2,6,107,0,1,2,3,30,15,1,2,2,50,57,0,0,0,0,0,0,0,1,0,1,0,0,0,0,0,0,0,0,0,0,0,6.419,6.668,0,,W,CTL,ND,1.2066217978895715,-0.13165302402213624
2023-wimbledon-1408,Hubert Hurkacz,Novak Djokovic,01:07:39,2,6,108,0,1,2,3,30,30,1,1,1,51,57,0,0,1,0,1,0,0,0,0,0,0,0,0,0,0,0,0,0,0,0,0,0.728,0.887,1,132.0,C,CTL,,0.9035876023193807,0.1634920267694548
2023-wimbledon-1408,Hubert Hurkacz,Novak Djokovic,01:08:00,2,6,109,0,1,2,3,40,30,1,1,1,52,57,1,0,1,0,1,0,0,0,0,0,0,0,0,0,0,0,0,0,0,0,0,8.528,6.617,1,132.0,W,CTL,,0.3689127228537314,0.6727260312172612
2023-wimbledon-1408,Hubert Hurkacz,Novak Djokovic,01:08:31,2,7,110,0,1,3,3,0,0,2,2,1,53,57,0,0,0,0,0,0,0,0,1,0,1,0,0,0,0,0,0,0,0,0,0,1.578,0.84,0,,W,CTL,,-0.3177010983833819,1.441208228889884
2023-wimbledon-1408,Hubert Hurkacz,Novak Djokovic,01:09:11,2,7,111,0,1,3,3,15,0,2,1,2,53,58,0,0,0,0,0,0,0,0,0,0,0,0,0,0,0,0,0,0,0,0,0,8.844,15.806,1,114.0,C,NCTL,D,-0.6830657535528768,1.7787417530403224
2023-wimbledon-1408,Hubert Hurkacz,Novak Djokovic,01:09:37,2,7,112,0,1,3,3,15,15,2,1,2,53,59,0,0,0,0,0,0,0,0,0,0,0,0,0,0,0,0,0,0,0,0,0,12.281,10.244,3,117.0,B,NCTL,ND,-0.7589127935403607,1.800110673611522
2023-wimbledon-1408,Hubert Hurkacz,Novak Djokovic,01:10:08,2,7,113,0,1,3,3,15,30,2,1,2,53,60,0,0,0,0,0,1,B,0,0,0,0,1,0,0,0,0,0,0,0,0,0,15.421,12.831,5,116.0,C,NCTL,D,-0.6295208216539008,1.608855306137484
2023-wimbledon-1408,Hubert Hurkacz,Novak Djokovic,01:10:40,2,7,114,0,1,3,3,15,40,2,1,2,53,61,2,0,0,0,0,0,0,0,0,0,0,0,1,0,1,0,0,0,0,0,0,11.227,11.511,1,112.0,W,CTL,D,-0.25278484824474445,1.1790064260851683
2023-wimbledon-1408,Hubert Hurkacz,Novak Djokovic,01:12:38,2,8,115,0,1,3,4,0,0,1,1,2,53,62,0,0,0,0,0,0,0,0,0,0,0,0,0,0,0,0,0,0,0,0,0,6.578,7.839,2,137.0,C,NCTL,ND,0.3168285686024692,0.6540262927353612
2023-wimbledon-1408,Hubert Hurkacz,Novak Djokovic,01:13:02,2,8,116,0,1,3,4,0,15,1,2,2,53,63,0,0,0,0,0,1,B,0,0,0,0,1,0,0,0,0,0,0,0,0,0,29.975,21.122,6,90.0,B,NCTL,ND,0.4567589649722487,0.47737385883254424
2023-wimbledon-1408,Hubert Hurkacz,Novak Djokovic,01:13:49,2,8,117,0,1,3,4,0,30,1,2,2,53,64,0,0,0,0,0,1,F,0,0,0,0,0,0,0,0,0,0,0,0,0,0,56.463,59.329,18,95.0,B,NCTL,D,0.26035127838170613,0.6519667824372376
2023-wimbledon-1408,Hubert Hurkacz,Novak Djokovic,01:15:30,2,8,118,0,1,3,4,0,40,1,1,1,54,64,0,0,1,0,1,0,0,0,0,0,0,0,0,0,0,0,1,0,0,0,1,0.0,0.0,1,134.0,,,,0.20818977402965755,0.7153081395005163
2023-wimbledon-1408,Hubert Hurkacz,Novak Djokovic,01:15:50,2,8,119,0,1,3,4,15,40,1,1,1,55,64,0,0,1,0,1,0,0,0,0,0,0,0,0,0,0,0,1,0,0,0,1,5.139,7.669,1,139.0,C,CTL,D,-0.17455251273914493,1.0803166549516043
2023-wimbledon-1408,Hubert Hurkacz,Novak Djokovic,01:16:09,2,8,120,0,1,3,4,30,40,1,1,1,56,64,0,0,0,0,0,0,0,0,0,0,0,1,0,1,0,0,1,0,0,0,1,14.666,8.466,1,138.0,W,CTL,D,-0.8160618600118251,1.7137119722196792
2023-wimbledon-1408,Hubert Hurkacz,Novak Djokovic,01:16:32,2,8,121,0,1,3,4,40,40,1,1,2,56,65,0,0,0,0,0,0,0,0,0,1,0,1,0,0,0,0,0,0,0,0,0,13.738,19.554,2,121.0,W,NCTL,,-1.6220296434812673,2.6017710094207294
2023-wimbledon-1408,Hubert Hurkacz,Novak Djokovic,01:17:27,2,8,122,0,1,3,4,40,AD,1,1,1,57,65,0,0,0,0,0,0,0,0,0,0,0,0,0,0,0,0,1,0,0,0,1,30.946,32.579,7,130.0,C,NCTL,ND,-2.1894859229386068,3.2311756778337752
2023-wimbledon-1408,Hubert Hurkacz,Novak Djokovic,01:18:17,2,8,123,0,1,3,4,40,40,1,1,1,58,65,0,0,0,0,1,0,F,0,0,0,0,1,0,1,0,0,0,0,0,0,0,20.15,26.411,5,123.0,W,NCTL,ND,-2.5094791628983906,3.6257805255461206
2023-wimbledon-1408,Hubert Hurkacz,Novak Djokovic,01:18:45,2,8,124,0,1,3,4,AD,40,1,1,1,59,65,1,0,1,0,1,0,0,0,0,0,0,0,0,0,0,0,0,0,0,0,0,3.337,4.176,1,132.0,BW,NCTL,,-2.573643880540019,3.7385631964545443
2023-wimbledon-1408,Hubert Hurkacz,Novak Djokovic,01:19:24,2,9,125,0,1,4,4,0,0,2,1,2,59,66,0,0,0,0,0,0,0,0,0,0,0,0,0,0,0,0,0,0,0,0,0,0.0,0.0,1,124.0,,,,-2.3978038533785067,3.403138249440024
2023-wimbledon-1408,Hubert Hurkacz,Novak Djokovic,01:19:47,2,9,126,0,1,4,4,0,15,2,2,2,59,67,0,0,0,0,0,0,0,0,0,0,0,0,0,0,0,0,0,0,0,0,0,21.651,17.125,3,80.0,B,NCTL,ND,-1.981741795323301,2.9309337704104674
2023-wimbledon-1408,Hubert Hurkacz,Novak Djokovic,01:20:34,2,9,127,0,1,4,4,0,30,2,2,2,59,68,0,0,0,0,0,1,F,0,0,0,0,0,1,0,1,0,0,0,0,0,0,38.08,33.956,13,92.0,C,NCTL,D,-1.3337192538413192,2.335520842245313
2023-wimbledon-1408,Hubert Hurkacz,Novak Djokovic,01:21:49,2,9,128,0,1,4,4,0,40,2,1,2,59,69,2,0,0,0,0,0,0,0,0,0,0,0,0,0,0,0,0,0,0,0,0,10.475,9.115,3,122.0,W,NCTL,,-0.3038778594748614,1.4561644584550446
2023-wimbledon-1408,Hubert Hurkacz,Novak Djokovic,01:23:35,2,10,129,0,1,4,5,0,0,1,1,1,60,69,0,0,0,0,1,0,0,0,0,0,0,0,0,0,0,0,0,0,0,0,0,0.627,0.986,1,115.0,W,CTL,,0.35610329380085554,0.9731743482843307
2023-wimbledon-1408,Hubert Hurkacz,Novak Djokovic,01:23:53,2,10,130,0,1,4,5,15,0,1,1,1,61,69,0,0,0,0,0,0,0,0,0,0,0,1,0,1,0,0,0,0,0,0,0,24.807,11.286,1,127.0,W,NCTL,ND,0.5816997834796105,0.696553595497264
2023-wimbledon-1408,Hubert Hurkacz,Novak Djokovic,01:24:14,2,10,131,0,1,4,5,30,0,1,1,1,62,69,0,0,0,0,0,0,0,0,0,0,0,0,0,0,0,0,0,0,0,0,0,6.736,9.507,1,125.0,W,CTL,D,0.5542697119815125,0.6812186044940287
2023-wimbledon-1408,Hubert Hurkacz,Novak Djokovic,01:24:32,2,10,132,0,1,4,5,40,0,1,1,1,63,69,1,0,1,0,1,0,0,0,0,0,0,0,0,0,0,0,0,0,0,0,0,1.038,0.968,1,119.0,C,NCTL,,0.8493553798129424,0.4609501770804506
2023-wimbledon-1408,Hubert Hurkacz,Novak Djokovic,01:25:06,2,11,133,0,1,5,5,0,0,2,1,2,63,70,0,0,0,0,0,0,0,0,0,0,0,1,0,0,0,0,0,0,0,0,0,63.152,56.681,15,112.0,W,CTL,D,0.8750046453944919,0.4958277028426574
2023-wimbledon-1408,Hubert Hurkacz,Novak Djokovic,01:26:11,2,11,134,0,1,5,5,0,15,2,1,2,63,71,0,0,0,0,0,0,0,0,0,0,0,0,0,0,0,0,0,0,0,0,0,10.261,5.312,1,122.0,B,CTL,ND,0.6910187289308086,0.7809150631113873
2023-wimbledon-1408,Hubert Hurkacz,Novak Djokovic,01:26:35,2,11,135,0,1,5,5,0,30,2,1,2,63,72,0,0,0,0,0,1,F,0,0,0,0,0,1,0,1,0,0,0,0,0,0,30.026,19.774,3,109.0,W,NCTL,ND,0.187652978386859,1.3115868507919397
2023-wimbledon-1408,Hubert Hurkacz,Novak Djokovic,01:27:02,2,11,136,0,1,5,5,0,40,2,2,2,63,73,2,0,0,0,0,0,0,0,0,0,0,0,0,0,0,0,0,0,0,0,0,2.657,1.05,1,104.0,C,NCTL,,-0.08741011631484369,1.6132198620135234
2023-wimbledon-1408,Hubert Hurkacz,Novak Djokovic,01:29:07,2,12,137,0,1,5,6,0,0,1,1,1,64,73,0,0,1,0,1,0,0,0,0,0,0,0,0,0,0,0,0,0,0,0,0,0.727,0.886,1,120.0,BW,NCTL,,-0.1660313475945913,1.7129463082749
2023-wimbledon-1408,Hubert Hurkacz,Novak Djokovic,01:29:27,2,12,138,0,1,5,6,15,0,1,1,1,65,73,0,0,1,0,1,0,0,0,0,0,0,0,0,0,0,0,0,0,0,0,0,0.583,1.116,1,124.0,C,NCTL,,0.04812621352383833,1.5676798929113822
2023-wimbledon-1408,Hubert Hurkacz,Novak Djokovic,01:29:44,2,12,139,0,1,5,6,30,0,1,2,2,65,74,0,0,0,0,0,0,0,1,0,1,0,0,0,0,0,0,0,0,0,0,0,0.926,0.474,0,,C,CTL,,0.4747268343512492,1.1420671505820654
2023-wimbledon-1408,Hubert Hurkacz,Novak Djokovic,01:30:17,2,12,140,0,1,5,6,30,15,1,2,1,66,74,0,0,0,0,0,0,0,0,0,0,1,0,0,0,0,0,0,0,0,0,0,12.634,11.501,3,95.0,B,NCTL,ND,0.5930878545803336,1.0195721951219847
2023-wimbledon-1408,Hubert Hurkacz,Novak Djokovic,01:30:53,2,12,141,0,1,5,6,40,15,1,1,2,66,75,0,0,0,0,0,0,0,0,0,0,0,1,0,0,0,0,0,0,0,0,0,10.805,13.315,2,134.0,C,NCTL,ND,0.42321368263405346,1.1432221509291378
2023-wimbledon-1408,Hubert Hurkacz,Novak Djokovic,01:31:23,2,12,142,0,1,5,6,40,30,1,2,2,66,76,0,0,0,0,0,0,0,1,0,1,0,0,0,0,0,0,0,0,0,0,0,0.0,0.0,0,,,,,0.014384109594484676,1.5028758814102365
2023-wimbledon-1408,Hubert Hurkacz,Novak Djokovic,01:32:04,2,12,143,0,1,5,6,40,40,1,2,1,67,76,0,0,0,0,0,0,0,0,0,0,0,0,0,0,0,0,0,0,0,0,0,16.365,13.908,1,102.0,C,NCTL,D,-0.6414795086593381,2.139285669400646
2023-wimbledon-1408,Hubert Hurkacz,Novak Djokovic,01:32:42,2,12,144,0,1,5,6,AD,40,1,2,1,68,76,1,0,0,0,1,0,F,0,0,0,0,1,0,1,0,0,0,0,0,0,0,4.958,5.248,5,,C,NCTL,D,-0.8431624625655015,2.3357490886651013
2023-wimbledon-1408,Hubert Hurkacz,Novak Djokovic,01:33:50,2,13,145,0,1,6,6,0,0,2,2,2,68,77,0,0,0,0,0,0,0,0,0,0,0,0,0,0,0,0,0,0,0,0,0,2.461,1.951,1,82.0,BC,NCTL,,-0.8086618318381065,2.2894447097769772
2023-wimbledon-1408,Hubert Hurkacz,Novak Djokovic,01:34:37,2,13,146,0,1,6,6,0,1,1,2,2,68,78,0,0,0,0,0,0,0,0,0,1,0,1,0,0,0,0,0,0,0,0,0,21.907,29.732,4,,B,NCTL,ND,-0.5704734259721755,1.9045512426045967
2023-wimbledon-1408,Hubert Hurkacz,Novak Djokovic,01:35:40,2,13,147,0,1,6,6,0,2,1,1,1,69,78,0,0,1,0,1,0,0,0,0,0,0,0,0,0,0,0,0,0,0,0,0,0.0,0.0,1,120.0,,,,-0.17878481798601206,1.377440321181338
2023-wimbledon-1408,Hubert Hurkacz,Novak Djokovic,01:36:16,2,13,148,0,1,6,6,1,2,2,1,1,70,78,0,0,0,0,1,0,B,0,0,0,0,0,1,0,0,0,0,0,0,0,0,20.959,25.822,4,118.0,C,NCTL,ND,-0.06364771238100016,1.138687752761091
2023-wimbledon-1408,Hubert Hurkacz,Novak Djokovic,01:36:48,2,13,149,0,1,6,6,2,2,2,1,2,70,79,0,0,0,0,0,0,0,0,0,0,0,0,0,0,0,0,0,0,0,0,0,0.771,0.591,1,109.0,W,CTL,,-0.15917993246185203,1.1256881664993874
2023-wimbledon-1408,Hubert Hurkacz,Novak Djokovic,01:37:18,2,13,150,0,1,6,6,2,3,1,2,1,71,79,0,0,0,0,0,0,0,0,0,0,0,0,0,0,0,0,0,0,0,0,0,44.96,43.702,13,93.0,B,NCTL,ND,0.03531350551964306,0.9334367216449331
2023-wimbledon-1408,Hubert Hurkacz,Novak Djokovic,01:38:44,2,13,151,0,1,6,6,3,3,1,2,1,72,79,0,0,0,0,0,0,0,0,0,0,1,0,1,0,0,0,0,0,0,0,0,7.787,8.326,3,89.0,BC,NCTL,D,0.01622942740661623,0.9680341867428678
2023-wimbledon-1408,Hubert Hurkacz,Novak Djokovic,01:39:31,2,13,152,0,1,6,6,4,3,2,1,2,72,80,0,0,0,0,0,1,F,0,0,0,0,0,1,0,1,0,0,0,0,0,0,6.868,4.461,3,119.0,C,NCTL,ND,0.3421224093550933,0.7405316632970627
2023-wimbledon-1408,Hubert Hurkacz,Novak Djokovic,01:40:04,2,13,153,0,1,6,6,4,4,2,2,1,73,80,0,0,0,0,0,0,0,0,0,0,0,1,0,1,0,0,0,0,0,0,0,8.772,11.852,2,109.0,BW,CTL,D,0.9703137809943206,0.328240562788574
2023-wimbledon-1408,Hubert Hurkacz,Novak Djokovic,01:40:56,2,13,154,0,1,6,6,5,4,1,2,2,73,81,0,0,0,0,0,0,0,0,0,1,0,0,0,0,0,0,0,0,0,0,0,5.019,4.783,2,84.0,B,NCTL,ND,1.3561628977132778,0.13225282673494693
2023-wimbledon-1408,Hubert Hurkacz,Novak Djokovic,01:41:38,2,13,155,0,1,6,6,5,5,1,1,2,73,82,0,0,0,0,0,1,B,0,0,0,0,1,0,0,0,0,0,0,0,0,0,16.163,16.439,6,136.0,C,NCTL,ND,1.1651629103362613,0.15757371156630667
2023-wimbledon-1408,Hubert Hurkacz,Novak Djokovic,01:42:33,2,13,156,0,1,6,6,5,6,2,2,1,74,82,0,0,0,0,0,0,0,0,0,0,0,0,0,0,0,0,0,0,0,0,0,105.609,97.629,24,93.0,BC,NCTL,D,1.2024863789613278,-0.050085287908138036
2023-wimbledon-1408,Hubert Hurkacz,Novak Djokovic,01:44:42,2,13,157,0,1,6,6,6,6,2,1,2,74,83,0,0,0,0,0,0,0,0,0,0,0,0,1,0,1,0,0,0,0,0,0,15.089,13.216,3,122.0,C,NCTL,,1.5783207782239923,-0.533631185912002
2023-wimbledon-1408,Hubert Hurkacz,Novak Djokovic,01:45:19,2,13,158,0,1,6,6,6,7,1,2,2,74,84,2,2,0,0,0,0,0,0,0,1,0,0,0,0,0,0,0,0,0,0,0,5.367,8.263,2,101.0,B,NCTL,ND,1.722451200631334,-0.8012634142211247
2023-wimbledon-1408,Hubert Hurkacz,Novak Djokovic,01:45:33,3,1,159,0,2,0,0,0,0,1,1,1,75,84,0,0,0,0,1,0,F,0,0,0,0,1,0,1,0,0,0,0,0,0,0,12.241,18.536,3,130.0,C,NCTL,,1.6781234969095653,-0.7868122575926763
2023-wimbledon-1408,Hubert Hurkacz,Novak Djokovic,01:45:57,3,1,160,0,2,0,0,15,0,1,1,1,76,84,0,0,0,0,1,0,F,0,0,0,0,1,0,1,0,0,0,0,0,0,0,16.917,18.002,5,121.0,C,NCTL,ND,1.9164353018383025,-1.0491979005001968
2023-wimbledon-1408,Hubert Hurkacz,Novak Djokovic,01:46:21,3,1,161,0,2,0,0,30,0,1,1,1,77,84,0,0,0,0,1,0,F,0,0,0,0,1,0,1,0,0,0,0,0,0,0,47.624,39.094,7,127.0,C,NCTL,ND,1.8572919440892326,-0.9955742349529352
2023-wimbledon-1408,Hubert Hurkacz,Novak Djokovic,01:46:59,3,1,162,0,2,0,0,40,0,1,1,1,78,84,1,0,0,0,0,0,0,0,0,0,0,1,0,1,0,0,0,0,0,0,0,23.004,38.886,5,113.0,W,CTL,D,1.6696862112881465,-0.7956244055851317
2023-wimbledon-1408,Hubert Hurkacz,Novak Djokovic,01:48:09,3,2,163,0,2,1,0,0,0,2,2,1,79,84,0,0,0,0,0,0,0,0,0,0,1,0,0,0,0,0,0,0,0,0,0,7.584,6.269,2,86.0,B,NCTL,ND,1.8597317338670496,-0.9117359178082884
2023-wimbledon-1408,Hubert Hurkacz,Novak Djokovic,01:48:55,3,2,164,0,2,1,0,15,0,2,2,1,80,84,0,0,0,0,1,0,B,0,0,0,0,0,1,0,0,0,0,0,0,0,0,44.71,50.175,10,116.0,BC,CTL,D,1.7671958953639808,-0.975583877587376
2023-wimbledon-1408,Hubert Hurkacz,Novak Djokovic,01:49:56,3,2,165,0,2,1,0,30,0,2,2,2,80,85,0,0,0,0,0,0,0,0,0,0,0,0,0,0,0,0,0,0,0,0,0,1.402,0.896,1,101.0,W,NCTL,,2.0794276253405233,-1.3727453103075316
2023-wimbledon-1408,Hubert Hurkacz,Novak Djokovic,01:50:42,3,2,166,0,2,1,0,30,15,2,1,2,80,86,0,0,0,0,0,0,0,0,0,0,0,0,0,0,0,0,0,0,0,0,0,2.996,1.699,1,113.0,C,NCTL,ND,2.7709086612973364,-2.045815084974465
2023-wimbledon-1408,Hubert Hurkacz,Novak Djokovic,01:51:10,3,2,167,0,2,1,0,30,30,2,1,2,80,87,0,0,0,0,0,0,0,0,0,0,0,0,0,0,0,0,0,0,0,0,0,5.444,3.942,1,121.0,C,NCTL,ND,2.7076247680736993,-1.9275588078454207
2023-wimbledon-1408,Hubert Hurkacz,Novak Djokovic,01:51:39,3,2,168,0,2,1,0,30,40,2,1,2,80,88,2,0,0,1,0,1,0,0,0,0,0,0,0,0,0,0,0,0,0,0,0,1.09,0.867,1,112.0,C,NCTL,,2.923361584652875,-2.112741267542077
2023-wimbledon-1408,Hubert Hurkacz,Novak Djokovic,01:52:07,3,3,169,0,2,1,1,0,0,1,1,1,81,88,0,0,0,0,0,0,0,0,0,0,0,1,0,1,0,0,0,0,0,0,0,4.483,3.923,1,124.0,BW,NCTL,D,3.41622353266929,-2.509335494243283
2023-wimbledon-1408,Hubert Hurkacz,Novak Djokovic,01:52:25,3,3,170,0,2,1,1,15,0,1,2,2,81,89,0,0,0,0,0,0,0,0,0,0,0,0,0,0,0,0,0,0,0,0,0,12.965,10.052,4,100.0,BW,NCTL,D,3.607417507251071,-2.677495415609347
2023-wimbledon-1408,Hubert Hurkacz,Novak Djokovic,01:53:01,3,3,171,0,2,1,1,15,15,1,1,1,82,89,0,0,0,0,0,0,0,0,0,0,0,1,0,1,0,0,0,0,0,0,0,5.691,12.583,3,117.0,W,CTL,ND,3.545884822460584,-2.610552592362489
2023-wimbledon-1408,Hubert Hurkacz,Novak Djokovic,01:53:27,3,3,172,0,2,1,1,30,15,1,1,1,83,89,0,0,0,0,0,0,0,0,0,0,0,0,0,0,0,0,0,0,0,0,0,5.598,6.729,1,128.0,C,CTL,,3.1979316602519035,-2.3072041499785665
2023-wimbledon-1408,Hubert Hurkacz,Novak Djokovic,01:53:46,3,3,173,0,2,1,1,40,15,1,1,2,83,90,0,0,0,0,0,0,0,0,0,0,0,0,0,0,0,0,0,0,0,0,0,8.957,19.322,2,121.0,W,NCTL,D,2.680092287929868,-1.822355889564821
2023-wimbledon-1408,Hubert Hurkacz,Novak Djokovic,01:54:31,3,3,174,0,2,1,1,40,30,1,1,1,84,90,1,0,0,0,0,0,0,0,0,0,0,1,0,1,0,0,0,0,0,0,0,16.799,15.758,3,133.0,BW,NCTL,,2.0400689184547227,-1.1325584692041766
2023-wimbledon-1408,Hubert Hurkacz,Novak Djokovic,01:56:31,3,4,175,0,2,2,1,0,0,2,2,2,84,91,0,0,0,0,0,0,0,0,0,1,0,0,0,0,0,0,0,0,0,0,0,18.708,15.98,5,85.0,C,NCTL,ND,1.2024337861857697,-0.13918468969862824
2023-wimbledon-1408,Hubert Hurkacz,Novak Djokovic,01:57:15,3,4,176,0,2,2,1,0,15,2,2,1,85,91,0,0,0,0,0,0,0,0,0,0,0,0,0,0,0,0,0,0,0,0,0,6.883,4.955,2,83.0,BW,NCTL,D,0.6756057368375424,0.37864121379929644
2023-wimbledon-1408,Hubert Hurkacz,Novak Djokovic,01:57:59,3,4,177,0,2,2,1,15,15,2,1,1,86,91,0,0,0,0,0,0,0,0,0,0,0,1,0,1,0,0,0,0,0,0,0,48.594,33.56,8,121.0,C,CTL,ND,0.4407229644614199,0.5856268877309648
2023-wimbledon-1408,Hubert Hurkacz,Novak Djokovic,01:59:01,3,4,178,0,2,2,1,30,15,2,1,2,86,92,0,0,0,0,0,0,0,0,0,0,0,0,0,0,0,0,0,0,0,0,0,0.986,0.638,1,122.0,W,CTL,,0.4894142347087155,0.46965710982018277
2023-wimbledon-1408,Hubert Hurkacz,Novak Djokovic,01:59:27,3,4,179,0,2,2,1,30,30,2,1,2,86,93,0,0,0,1,0,1,0,0,0,0,0,0,0,0,0,0,0,0,0,0,0,1.674,0.704,1,121.0,C,NCTL,,0.7984467242043986,0.10740348832490057
2023-wimbledon-1408,Hubert Hurkacz,Novak Djokovic,01:59:52,3,4,180,0,2,2,1,30,40,2,1,2,86,94,2,0,0,0,0,0,0,0,0,0,0,0,0,0,0,0,0,0,0,0,0,7.63,3.485,1,116.0,C,NCTL,,0.851608424883985,0.00444329733369001
2023-wimbledon-1408,Hubert Hurkacz,Novak Djokovic,02:00:25,3,5,181,0,2,2,2,0,0,1,1,1,87,94,0,0,0,0,1,0,F,0,0,0,0,0,0,0,0,0,0,0,0,0,0,7.767,7.186,3,134.0,C,NCTL,ND,1.1799414417715264,-0.27042433049478093
2023-wimbledon-1408,Hubert Hurkacz,Novak Djokovic,02:00:44,3,5,182,0,2,2,2,15,0,1,1,1,88,94,0,0,0,0,1,0,F,0,0,0,0,0,0,0,0,0,0,0,0,0,0,63.157,56.745,13,126.0,BC,CTL,D,1.1361254462761279,-0.29814622161667115
2023-wimbledon-1408,Hubert Hurkacz,Novak Djokovic,02:01:29,3,5,183,0,2,2,2,30,0,1,1,1,89,94,0,0,0,0,1,0,F,0,0,0,0,1,0,1,0,0,0,0,0,0,0,6.95,6.572,3,108.0,W,CTL,,0.9103317630619668,-0.14893274005997426
2023-wimbledon-1408,Hubert Hurkacz,Novak Djokovic,02:01:51,3,5,184,0,2,2,2,40,0,1,1,1,90,94,1,0,1,0,1,0,0,0,0,0,0,0,0,0,0,0,0,0,0,0,0,0.522,0.685,1,123.0,W,CTL,,1.0438568742035292,-0.270912329278454
2023-wimbledon-1408,Hubert Hurkacz,Novak Djokovic,02:03:37,3,6,185,0,2,3,2,0,0,2,1,2,90,95,0,0,0,0,0,0,0,0,0,0,0,0,0,0,0,0,0,0,0,0,0,3.419,1.904,1,109.0,W,NCTL,ND,0.9928940531462681,-0.20630456601986505
2023-wimbledon-1408,Hubert Hurkacz,Novak Djokovic,02:04:00,3,6,186,0,2,3,2,0,15,2,1,2,90,96,0,0,0,0,0,0,0,0,0,1,0,0,0,0,0,0,0,0,0,0,0,19.816,18.24,5,122.0,BW,NCTL,D,1.2752148009446074,-0.4666589343955391
2023-wimbledon-1408,Hubert Hurkacz,Novak Djokovic,02:04:36,3,6,187,0,2,3,2,0,30,2,1,2,90,97,0,0,0,0,0,1,F,0,0,0,0,0,0,0,0,0,0,0,0,0,0,10.314,6.7,3,118.0,C,CTL,D,1.308757062114278,-0.4570458105062226
2023-wimbledon-1408,Hubert Hurkacz,Novak Djokovic,02:05:06,3,6,188,0,2,3,2,0,40,2,1,2,90,98,2,0,0,1,0,1,0,0,0,0,0,0,0,0,0,0,0,0,0,0,0,5.0,6.303,1,121.0,W,CTL,,1.078518705257371,-0.08178695197431855
2023-wimbledon-1408,Hubert Hurkacz,Novak Djokovic,02:05:40,3,7,189,0,2,3,3,0,0,1,1,1,91,98,0,0,1,0,1,0,0,0,0,0,0,0,0,0,0,0,0,0,0,0,0,0.736,2.751,1,135.0,C,NCTL,,1.0658570510575711,0.048762669297273034
2023-wimbledon-1408,Hubert Hurkacz,Novak Djokovic,02:05:57,3,7,190,0,2,3,3,15,0,1,1,2,91,99,0,0,0,0,0,0,0,0,0,1,0,0,0,0,0,0,0,0,0,0,0,22.42,21.409,6,123.0,C,NCTL,D,1.2722001680479291,-0.009610747029562626
2023-wimbledon-1408,Hubert Hurkacz,Novak Djokovic,02:06:30,3,7,191,0,2,3,3,15,15,1,2,1,92,99,0,0,0,0,0,0,0,0,0,0,1,0,1,0,0,0,0,0,0,0,0,33.113,34.097,9,93.0,BC,NCTL,D,1.6701497831613255,-0.3505595468210752
2023-wimbledon-1408,Hubert Hurkacz,Novak Djokovic,02:07:21,3,7,192,0,2,3,3,30,15,1,1,1,93,99,0,0,1,0,1,0,0,0,0,0,0,0,0,0,0,0,0,0,0,0,0,0.633,0.672,1,132.0,W,CTL,,1.7649598689324983,-0.4340699048146468
2023-wimbledon-1408,Hubert Hurkacz,Novak Djokovic,02:07:37,3,7,193,0,2,3,3,40,15,1,2,1,94,99,1,0,0,0,0,0,0,0,0,0,0,0,0,0,0,0,0,0,0,0,0,6.873,9.775,3,98.0,B,NCTL,D,1.4836518713847295,-0.14581476961751372
2023-wimbledon-1408,Hubert Hurkacz,Novak Djokovic,02:09:35,3,8,194,0,2,4,3,0,0,2,1,2,94,100,0,0,0,0,0,0,0,0,0,0,0,0,1,0,1,0,0,0,0,0,0,0.974,1.319,1,119.0,C,NCTL,,1.046248430643048,0.2902470775155753
2023-wimbledon-1408,Hubert Hurkacz,Novak Djokovic,02:09:59,3,8,195,0,2,4,3,0,15,2,2,1,95,100,0,0,0,0,0,0,0,0,0,0,0,1,0,1,0,0,0,0,0,0,0,19.702,12.509,4,110.0,BC,NCTL,D,0.43809407106966963,0.8838496453057321
2023-wimbledon-1408,Hubert Hurkacz,Novak Djokovic,02:10:43,3,8,196,0,2,4,3,15,15,2,1,2,95,101,0,0,0,1,0,1,0,0,0,0,0,0,0,0,0,0,0,0,0,0,0,0.819,0.817,1,123.0,C,NCTL,,0.14867025521052107,1.1509532068771402
2023-wimbledon-1408,Hubert Hurkacz,Novak Djokovic,02:11:08,3,8,197,0,2,4,3,15,30,2,1,2,95,102,0,0,0,0,0,0,0,0,0,1,0,0,0,0,0,0,0,0,0,0,0,17.646,7.581,3,122.0,BW,NCTL,ND,0.13570310555270118,1.1085324850656124
2023-wimbledon-1408,Hubert Hurkacz,Novak Djokovic,02:11:48,3,8,198,0,2,4,3,15,40,2,1,2,95,103,2,0,0,0,0,1,B,0,0,0,0,0,0,0,0,0,0,0,0,0,0,17.458,11.069,3,111.0,W,CTL,D,0.33024174266064577,0.8568591630100657
2023-wimbledon-1408,Hubert Hurkacz,Novak Djokovic,02:12:23,3,9,199,0,2,4,4,0,0,1,1,1,96,103,0,0,1,0,1,0,0,0,0,0,0,0,0,0,0,0,0,0,0,0,0,0.862,0.857,1,119.0,W,CTL,,0.7159372833515936,0.4348927031561954
2023-wimbledon-1408,Hubert Hurkacz,Novak Djokovic,02:12:40,3,9,200,0,2,4,4,15,0,1,2,1,97,103,0,0,0,0,0,0,0,0,0,0,1,0,0,0,0,0,0,0,0,0,0,19.74,20.493,5,87.0,B,NCTL,ND,0.79533802185985,0.30477510527196267
2023-wimbledon-1408,Hubert Hurkacz,Novak Djokovic,02:13:18,3,9,201,0,2,4,4,30,0,1,1,1,98,103,0,0,0,0,0,0,0,0,0,0,1,1,0,1,0,0,0,0,0,0,0,18.165,14.74,3,104.0,W,NCTL,,1.1864339680858742,-0.0594622482049903
2023-wimbledon-1408,Hubert Hurkacz,Novak Djokovic,02:13:56,3,9,202,0,2,4,4,40,0,1,1,1,99,103,1,0,0,0,1,0,F,0,0,0,0,1,0,1,0,0,0,0,0,0,0,10.263,16.846,3,117.0,W,CTL,ND,1.2815810262824698,-0.13923571342413482
2023-wimbledon-1408,Hubert Hurkacz,Novak Djokovic,02:15:49,3,10,203,0,2,5,4,0,0,2,2,1,100,103,0,0,0,0,0,0,0,0,0,0,1,0,0,0,0,0,0,0,0,0,0,9.294,8.55,2,80.0,BC,NCTL,ND,1.1946287263623816,-0.050940524348820446
2023-wimbledon-1408,Hubert Hurkacz,Novak Djokovic,02:16:37,3,10,204,0,2,5,4,15,0,2,1,2,100,104,0,0,0,0,0,0,0,0,0,0,0,0,0,0,0,0,0,0,0,0,0,1.696,1.419,1,124.0,BW,NCTL,,0.948483291903191,0.1725300023456725
2023-wimbledon-1408,Hubert Hurkacz,Novak Djokovic,02:17:03,3,10,205,0,2,5,4,15,15,2,1,2,100,105,0,0,0,0,0,0,0,0,0,0,0,0,0,0,0,0,0,0,0,0,0,4.988,4.08,1,121.0,BC,NCTL,ND,1.0242180085901502,0.09854478946830744
2023-wimbledon-1408,Hubert Hurkacz,Novak Djokovic,02:17:30,3,10,206,0,2,5,4,15,30,2,2,2,100,106,0,0,0,0,0,0,0,0,0,0,0,0,0,0,0,0,0,0,0,0,0,4.391,5.82,1,91.0,BC,NCTL,D,0.8842168923595685,0.3007769765409087
2023-wimbledon-1408,Hubert Hurkacz,Novak Djokovic,02:18:10,3,10,207,0,2,5,4,15,40,2,1,2,100,107,2,0,0,0,0,1,B,0,0,0,0,0,1,0,1,0,0,0,0,0,0,13.06,13.423,3,122.0,C,CTL,ND,0.9754754236272856,0.2572036138362063
2023-wimbledon-1408,Hubert Hurkacz,Novak Djokovic,02:19:02,3,11,208,0,2,5,5,0,0,1,1,1,101,107,0,0,0,0,1,0,F,0,0,0,0,1,0,1,0,0,0,0,0,0,0,15.348,12.131,5,138.0,BC,CTL,ND,1.258389274166818,0.005375054121674352
2023-wimbledon-1408,Hubert Hurkacz,Novak Djokovic,02:19:26,3,11,209,0,2,5,5,15,0,1,1,1,102,107,0,0,0,0,0,0,0,0,0,0,0,0,0,0,0,0,0,0,0,0,0,6.855,7.542,1,126.0,C,NCTL,D,1.7457245778178252,-0.4714587876052347
2023-wimbledon-1408,Hubert Hurkacz,Novak Djokovic,02:19:44,3,11,210,0,2,5,5,30,0,1,1,1,103,107,0,0,1,0,1,0,0,0,0,0,0,0,0,0,0,0,0,0,0,0,0,0.598,0.862,1,132.0,C,CTL,,1.983795710502751,-0.6988148171120331
2023-wimbledon-1408,Hubert Hurkacz,Novak Djokovic,02:20:01,3,11,211,0,2,5,5,40,0,1,1,1,104,107,1,0,0,0,0,0,0,0,0,0,0,0,0,0,0,0,0,0,0,0,0,1.726,2.254,1,129.0,BW,NCTL,ND,1.9949036537076785,-0.7038538490413905
2023-wimbledon-1408,Hubert Hurkacz,Novak Djokovic,02:21:36,3,12,212,0,2,6,5,0,0,2,2,1,105,107,0,0,0,0,0,0,0,0,0,0,0,1,0,1,0,0,0,0,0,0,0,18.547,18.914,4,92.0,BW,NCTL,ND,1.8284571075913036,-0.5398590060230263
2023-wimbledon-1408,Hubert Hurkacz,Novak Djokovic,02:22:30,3,12,213,0,2,6,5,15,0,2,1,2,105,108,0,0,0,0,0,0,0,0,0,0,0,0,0,0,0,0,0,0,0,0,0,53.6,36.93,9,122.0,BW,CTL,D,1.514120173644212,-0.24756558804470596
2023-wimbledon-1408,Hubert Hurkacz,Novak Djokovic,02:23:26,3,12,214,0,2,6,5,15,15,2,1,1,106,108,0,0,0,0,0,0,0,0,0,0,0,0,0,0,0,0,0,0,0,0,0,19.716,14.478,4,122.0,C,NCTL,ND,1.0651646751276924,0.23566866311202667
2023-wimbledon-1408,Hubert Hurkacz,Novak Djokovic,02:24:05,3,12,215,0,2,6,5,30,15,2,1,1,107,108,0,0,0,0,1,0,F,0,0,0,0,0,0,0,0,0,0,0,0,0,0,14.027,10.591,4,125.0,W,NCTL,D,0.9414160353181116,0.38047442967225087
2023-wimbledon-1408,Hubert Hurkacz,Novak Djokovic,02:24:45,3,12,216,0,2,6,5,40,15,2,1,2,107,109,0,0,0,0,0,0,0,0,0,0,0,0,1,0,1,1,0,0,0,1,0,5.591,5.683,1,112.0,W,NCTL,D,1.1214819250227412,0.17647283260232585
2023-wimbledon-1408,Hubert Hurkacz,Novak Djokovic,02:25:30,3,12,217,0,2,6,5,40,30,2,2,1,108,109,1,1,0,0,0,0,0,0,0,0,0,1,0,1,0,1,0,1,0,0,0,14.753,14.083,4,79.0,BC,NCTL,D,1.5442632063158044,-0.2877427495134086
2023-wimbledon-1408,Hubert Hurkacz,Novak Djokovic,02:28:30,4,1,218,1,2,0,0,0,0,1,1,1,109,109,0,0,0,0,1,0,F,0,0,0,0,1,0,1,0,0,0,0,0,0,0,10.225,10.794,3,118.0,W,CTL,,2.2686193231293834,-1.0351305411740142
2023-wimbledon-1408,Hubert Hurkacz,Novak Djokovic,02:28:51,4,1,219,1,2,0,0,15,0,1,1,1,110,109,0,0,0,0,0,0,0,0,0,0,0,0,0,0,0,0,0,0,0,0,0,0.641,0.738,1,118.0,C,NCTL,,2.8601565189963694,-1.581119692323927
2023-wimbledon-1408,Hubert Hurkacz,Novak Djokovic,02:29:14,4,1,220,1,2,0,0,30,0,1,1,1,111,109,0,0,0,0,0,0,0,0,0,0,1,0,0,0,0,0,0,0,0,0,0,24.265,21.673,7,136.0,C,NCTL,D,3.3807952559623775,-1.975751847908547
2023-wimbledon-1408,Hubert Hurkacz,Novak Djokovic,02:29:39,4,1,221,1,2,0,0,40,0,1,1,2,111,110,0,0,0,0,0,0,0,0,0,0,0,1,0,0,0,0,0,0,0,0,0,7.631,8.451,2,122.0,BW,NCTL,ND,3.872945800953081,-2.2525096807606744
2023-wimbledon-1408,Hubert Hurkacz,Novak Djokovic,02:30:00,4,1,222,1,2,0,0,40,15,1,2,1,112,110,1,0,0,0,1,0,B,0,0,0,0,0,0,0,0,0,0,0,0,0,0,6.456,8.547,3,85.0,B,NCTL,D,3.9360805839745776,-2.392627439141834
2023-wimbledon-1408,Hubert Hurkacz,Novak Djokovic,02:31:20,4,2,223,1,2,1,0,0,0,2,1,2,112,111,0,0,0,1,0,1,0,0,0,0,0,0,0,0,0,0,0,0,0,0,0,0.963,0.571,1,122.0,C,NCTL,,3.974690755015324,-2.362044310973676
2023-wimbledon-1408,Hubert Hurkacz,Novak Djokovic,02:31:43,4,2,224,1,2,1,0,0,15,2,1,2,112,112,0,0,0,0,0,0,0,0,0,0,0,0,0,0,0,0,0,0,0,0,0,6.67,5.398,1,111.0,C,NCTL,D,4.542565672402964,-2.744758601347034
2023-wimbledon-1408,Hubert Hurkacz,Novak Djokovic,02:32:05,4,2,225,1,2,1,0,0,30,2,2,2,112,113,0,0,0,0,0,0,0,0,0,1,0,0,0,0,0,0,0,0,0,0,0,27.482,30.014,7,87.0,BC,NCTL,ND,5.037204523939952,-2.871970919658948
2023-wimbledon-1408,Hubert Hurkacz,Novak Djokovic,02:32:50,4,2,226,1,2,1,0,0,40,2,1,2,112,114,2,0,0,1,0,1,0,0,0,0,0,0,0,0,0,0,0,0,0,0,0,1.003,0.72,1,113.0,C,NCTL,,5.474558135588054,-2.731631256062479
2023-wimbledon-1408,Hubert Hurkacz,Novak Djokovic,02:33:20,4,3,227,1,2,1,1,0,0,1,1,1,113,114,0,0,1,0,1,0,0,0,0,0,0,0,0,0,0,0,0,0,0,0,0,0.901,1.471,1,113.0,W,CTL,,6.344861079279435,-2.843577551205466
2023-wimbledon-1408,Hubert Hurkacz,Novak Djokovic,02:33:38,4,3,228,1,2,1,1,15,0,1,1,1,114,114,0,0,0,0,0,0,0,0,0,0,0,0,0,0,0,0,0,0,0,0,0,2.778,3.659,1,133.0,W,CTL,ND,5.5646655537956144,-2.4948380259005556
2023-wimbledon-1408,Hubert Hurkacz,Novak Djokovic,02:33:54,4,3,229,1,2,1,1,30,0,1,2,1,115,114,0,0,0,0,1,0,F,0,0,0,0,1,0,1,0,0,0,0,0,0,0,7.02,7.61,3,99.0,BC,NCTL,ND,4.713102419658564,-1.9972181255637564
2023-wimbledon-1408,Hubert Hurkacz,Novak Djokovic,02:34:28,4,3,230,1,2,1,1,40,0,1,2,2,115,115,0,0,0,0,0,0,0,1,0,1,0,0,0,0,0,0,0,0,0,0,0,7.153,8.39,0,,B,CTL,D,3.8092370657447363,-1.3887122459593482
2023-wimbledon-1408,Hubert Hurkacz,Novak Djokovic,02:35:01,4,3,231,1,2,1,1,40,15,1,2,2,115,116,0,0,0,0,0,0,0,0,0,0,0,0,0,0,0,0,0,0,0,0,0,11.991,12.247,4,99.0,B,NCTL,D,2.7767402317184087,-0.6181625072589585
2023-wimbledon-1408,Hubert Hurkacz,Novak Djokovic,02:35:47,4,3,232,1,2,1,1,40,30,1,2,1,116,116,1,0,0,0,0,0,0,0,0,0,1,0,0,0,0,0,0,0,0,0,0,18.405,16.906,5,98.0,B,NCTL,D,2.125344193137781,-0.11793730105612724
2023-wimbledon-1408,Hubert Hurkacz,Novak Djokovic,02:37:41,4,4,233,1,2,2,1,0,0,2,1,2,116,117,0,0,0,0,0,0,0,0,0,0,0,0,0,0,0,0,0,0,0,0,0,1.511,0.871,1,109.0,W,CTL,,1.3397455687044393,0.6022304689416449
2023-wimbledon-1408,Hubert Hurkacz,Novak Djokovic,02:38:03,4,4,234,1,2,2,1,0,15,2,2,2,116,118,0,0,0,0,0,1,F,0,0,0,0,0,0,0,0,0,0,0,0,0,0,48.466,33.291,11,102.0,C,NCTL,ND,0.8538800928337408,0.9415858233240229
2023-wimbledon-1408,Hubert Hurkacz,Novak Djokovic,02:38:57,4,4,235,1,2,2,1,0,30,2,2,2,116,119,0,0,0,0,0,0,0,0,0,1,0,0,0,0,0,0,0,0,0,0,0,11.817,12.999,3,96.0,BC,NCTL,D,0.6011330076434005,1.0640170809015204
2023-wimbledon-1408,Hubert Hurkacz,Novak Djokovic,02:39:44,4,4,236,1,2,2,1,0,40,2,2,2,116,120,2,0,0,0,0,0,0,0,0,0,0,0,0,0,0,0,0,0,0,0,0,4.329,3.231,1,90.0,BW,NCTL,D,0.5778051447037728,0.9656951017314166
2023-wimbledon-1408,Hubert Hurkacz,Novak Djokovic,02:40:27,4,5,237,1,2,2,2,0,0,1,2,2,116,121,0,0,0,0,0,0,0,0,0,1,0,0,0,0,0,0,0,0,0,0,0,18.889,17.254,6,103.0,BC,NCTL,D,0.725745435765406,0.721926937283224
2023-wimbledon-1408,Hubert Hurkacz,Novak Djokovic,02:41:11,4,5,238,1,2,2,2,0,15,1,2,1,117,121,0,0,0,0,0,0,0,0,0,0,0,0,0,0,0,0,0,0,0,0,0,5.548,6.073,1,80.0,BW,NCTL,D,0.499089946245193,0.8224949753479566
2023-wimbledon-1408,Hubert Hurkacz,Novak Djokovic,02:41:44,4,5,239,1,2,2,2,15,15,1,1,1,118,121,0,0,0,0,1,0,F,0,0,0,0,1,0,1,0,0,0,0,0,0,0,9.971,7.184,3,135.0,C,NCTL,,-0.0004893644022269661,1.1987574291545737
2023-wimbledon-1408,Hubert Hurkacz,Novak Djokovic,02:42:08,4,5,240,1,2,2,2,30,15,1,1,1,119,121,0,0,0,0,0,0,0,0,0,0,0,0,0,0,0,0,0,0,0,0,0,51.183,42.848,11,125.0,C,NCTL,D,-0.7148779332203127,1.7979866190231293
2023-wimbledon-1408,Hubert Hurkacz,Novak Djokovic,02:42:43,4,5,241,1,2,2,2,40,15,1,2,2,119,122,0,0,0,0,0,0,0,0,0,1,0,0,0,0,0,0,0,0,0,0,0,6.448,7.213,2,98.0,BC,NCTL,ND,-1.0976307879195182,2.147953002609138
2023-wimbledon-1408,Hubert Hurkacz,Novak Djokovic,02:43:26,4,5,242,1,2,2,2,40,30,1,1,1,120,122,1,0,0,0,0,0,0,0,0,0,0,1,0,1,0,0,0,0,0,0,0,11.825,13.06,3,129.0,C,NCTL,ND,-1.186710264309582,2.2916757915591317
2023-wimbledon-1408,Hubert Hurkacz,Novak Djokovic,02:45:21,4,6,243,1,2,3,2,0,0,2,1,1,121,122,0,0,0,0,0,0,0,0,0,0,1,0,0,0,0,0,0,0,0,0,0,19.942,16.963,4,114.0,BW,NCTL,D,-1.5364374854322178,2.714257441728892
2023-wimbledon-1408,Hubert Hurkacz,Novak Djokovic,02:45:53,4,6,244,1,2,3,2,15,0,2,1,2,121,123,0,0,0,1,0,1,0,0,0,0,0,0,0,0,0,0,0,0,0,0,0,0.681,0.558,1,120.0,C,CTL,,-1.617322553166182,2.7677755320719997
2023-wimbledon-1408,Hubert Hurkacz,Novak Djokovic,02:46:16,4,6,245,1,2,3,2,15,15,2,1,2,121,124,0,0,0,1,0,1,0,0,0,0,0,0,0,0,0,0,0,0,0,0,0,1.292,1.034,1,108.0,W,CTL,,-1.3849605507315608,2.481106668600914
2023-wimbledon-1408,Hubert Hurkacz,Novak Djokovic,02:46:41,4,6,246,1,2,3,2,15,30,2,1,2,121,125,0,0,0,0,0,1,F,0,0,0,0,0,1,0,1,0,0,0,0,0,0,18.768,15.839,5,121.0,W,NCTL,ND,-0.9826396670771225,2.0168584907745597
2023-wimbledon-1408,Hubert Hurkacz,Novak Djokovic,02:47:14,4,6,247,1,2,3,2,15,40,2,1,2,121,126,2,0,0,1,0,1,0,0,0,0,0,0,0,0,0,0,0,0,0,0,0,4.104,4.878,1,109.0,W,CTL,,-0.4308589598831261,1.411712914575291
2023-wimbledon-1408,Hubert Hurkacz,Novak Djokovic,02:48:02,4,7,248,1,2,3,3,0,0,1,1,2,121,127,0,0,0,0,0,0,0,0,0,1,0,0,0,0,0,0,0,0,0,0,0,20.371,20.694,6,135.0,C,CTL,ND,0.3128391522612654,0.7122464568187419
2023-wimbledon-1408,Hubert Hurkacz,Novak Djokovic,02:48:35,4,7,249,1,2,3,3,0,15,1,2,1,122,127,0,0,0,0,0,0,0,0,0,0,0,1,0,1,0,0,0,0,0,0,0,21.699,29.204,5,98.0,B,CTL,D,0.6001693579323022,0.382686643889873
2023-wimbledon-1408,Hubert Hurkacz,Novak Djokovic,02:49:30,4,7,250,1,2,3,3,15,15,1,1,2,122,128,0,0,0,0,0,1,F,0,0,0,0,0,1,0,1,0,0,0,0,0,0,47.48,50.038,12,134.0,C,NCTL,D,0.5757135842710159,0.35221242017610066
2023-wimbledon-1408,Hubert Hurkacz,Novak Djokovic,02:50:26,4,7,251,1,2,3,3,15,30,1,2,2,122,129,0,0,0,0,0,1,B,0,0,0,0,1,0,0,0,0,0,0,0,0,0,26.414,36.102,10,96.0,BW,NCTL,ND,0.1376012452473201,0.7223139408892447
2023-wimbledon-1408,Hubert Hurkacz,Novak Djokovic,02:51:31,4,7,252,1,2,3,3,15,40,1,1,1,123,129,0,0,0,0,0,0,0,0,0,0,0,0,0,0,0,0,1,0,0,0,1,18.342,19.492,3,136.0,C,NCTL,,-0.09704537154162741,0.9510317962130251
2023-wimbledon-1408,Hubert Hurkacz,Novak Djokovic,02:52:03,4,7,253,1,2,3,3,30,40,1,1,1,124,129,0,0,1,0,1,0,0,0,0,0,0,0,0,0,0,0,1,0,0,0,1,0.477,0.785,1,135.0,C,CTL,,-0.6185879868586517,1.462014638267627
2023-wimbledon-1408,Hubert Hurkacz,Novak Djokovic,02:52:35,4,7,254,1,2,3,3,40,40,1,1,1,125,129,0,0,1,0,1,0,0,0,0,0,0,0,0,0,0,0,0,0,0,0,0,1.101,1.253,1,110.0,W,CTL,,-1.3313548565403335,2.2532908167656975
2023-wimbledon-1408,Hubert Hurkacz,Novak Djokovic,02:52:52,4,7,255,1,2,3,3,AD,40,1,2,2,125,130,0,0,0,0,0,0,0,0,0,1,0,0,0,0,0,0,0,0,0,0,0,6.871,8.974,2,100.0,BC,NCTL,ND,-1.7702962890569007,2.7598310509300585
2023-wimbledon-1408,Hubert Hurkacz,Novak Djokovic,02:53:55,4,7,256,1,2,3,3,40,40,1,1,2,125,131,0,0,0,0,0,1,F,0,0,0,0,0,1,0,1,0,0,0,0,0,0,35.174,35.281,8,125.0,W,CTL,D,-1.9925856573331258,3.041694808623663
2023-wimbledon-1408,Hubert Hurkacz,Novak Djokovic,02:54:49,4,7,257,1,2,3,3,40,AD,1,1,2,125,132,2,0,0,0,0,0,0,0,0,0,0,0,0,0,0,0,1,0,1,0,0,46.698,44.034,12,131.0,BW,NCTL,D,-2.0321277511225957,3.1472554211700654
2023-wimbledon-1408,Hubert Hurkacz,Novak Djokovic,02:56:58,4,8,258,1,2,3,4,0,0,2,2,2,125,133,0,0,0,0,0,0,0,0,0,1,0,0,0,0,0,0,0,0,0,0,0,3.548,2.951,1,84.0,B,NCTL,ND,-1.973080245909716,2.9385127721077913
2023-wimbledon-1408,Hubert Hurkacz,Novak Djokovic,02:57:38,4,8,259,1,2,3,4,0,15,2,1,2,125,134,0,0,0,0,0,0,0,0,0,0,0,0,0,0,0,0,0,0,0,0,0,7.244,7.494,1,121.0,BC,NCTL,D,-1.7731581417923516,2.678832547429602
2023-wimbledon-1408,Hubert Hurkacz,Novak Djokovic,02:57:58,4,8,260,1,2,3,4,0,30,2,1,2,125,135,0,0,0,0,0,0,0,0,0,0,0,0,0,0,0,0,0,0,0,0,0,8.306,5.496,1,125.0,C,NCTL,D,-1.9933993869846496,2.902741484879351
2023-wimbledon-1408,Hubert Hurkacz,Novak Djokovic,02:58:45,4,8,261,1,2,3,4,0,40,2,1,2,125,136,2,0,0,0,0,0,0,0,0,0,0,0,0,0,0,0,0,0,0,0,0,14.735,13.541,1,120.0,BC,CTL,D,-1.9574435256217557,2.9506853922034737
2023-wimbledon-1408,Hubert Hurkacz,Novak Djokovic,02:59:23,4,9,262,1,2,3,5,0,0,1,2,1,126,136,0,0,0,0,0,0,0,0,0,0,0,0,0,0,0,0,0,0,0,0,0,4.36,3.804,1,99.0,BC,NCTL,D,-1.7597450693098367,2.9557355056901975
2023-wimbledon-1408,Hubert Hurkacz,Novak Djokovic,02:59:50,4,9,263,1,2,3,5,15,0,1,2,2,126,137,0,0,0,0,0,0,0,0,0,0,0,0,0,0,0,0,0,0,0,0,0,6.313,7.33,2,98.0,B,NCTL,D,-1.952867046476827,3.4370249109417
2023-wimbledon-1408,Hubert Hurkacz,Novak Djokovic,03:00:23,4,9,264,1,2,3,5,15,15,1,1,2,126,138,0,0,0,0,0,0,0,0,0,1,0,0,0,0,0,0,0,0,0,0,0,19.629,22.266,4,119.0,BW,CTL,ND,-2.4868661252696262,4.358580024394824
2023-wimbledon-1408,Hubert Hurkacz,Novak Djokovic,03:01:03,4,9,265,1,2,3,5,15,30,1,2,1,127,138,0,0,0,0,1,0,B,0,0,0,0,1,0,1,0,0,0,0,0,0,0,24.892,33.429,7,90.0,BW,NCTL,D,-3.348404762121559,5.730481645260947
2023-wimbledon-1408,Hubert Hurkacz,Novak Djokovic,03:01:49,4,9,266,1,2,3,5,30,30,1,1,1,128,138,0,0,1,0,1,0,0,0,0,0,0,0,0,0,0,0,0,0,0,0,0,5.816,5.779,1,133.0,C,NCTL,D,-3.971318698387798,7.04617447765232
2023-wimbledon-1408,Hubert Hurkacz,Novak Djokovic,03:02:07,4,9,267,1,2,3,5,40,30,1,1,1,129,138,1,0,1,0,1,0,0,0,0,0,0,0,0,0,0,0,0,0,0,0,0,0.911,0.797,1,124.0,C,NCTL,,-4.293282317016368,8.169371494638414
2023-wimbledon-1408,Hubert Hurkacz,Novak Djokovic,03:04:06,4,10,268,1,2,4,5,0,0,2,1,2,129,139,0,0,0,1,0,1,0,0,0,0,0,0,0,0,0,0,0,0,0,0,0,7.472,6.208,1,128.0,C,CTL,,-4.05985743176004,8.094605708912194
2023-wimbledon-1408,Hubert Hurkacz,Novak Djokovic,03:04:39,4,10,269,1,2,4,5,0,15,2,1,2,129,140,0,0,0,1,0,1,0,0,0,0,0,0,0,0,0,0,0,0,0,0,0,0.863,0.508,1,119.0,W,CTL,,-3.70379214702267,7.175755453485517
2023-wimbledon-1408,Hubert Hurkacz,Novak Djokovic,03:05:06,4,10,270,1,2,4,5,0,30,2,1,2,129,141,0,0,0,0,0,0,0,0,0,0,0,0,0,0,0,0,0,0,0,0,0,4.149,2.873,1,125.0,C,NCTL,D,-3.2498743418170273,6.252063959145778
2023-wimbledon-1408,Hubert Hurkacz,Novak Djokovic,03:05:33,4,10,271,1,2,4,5,0,40,2,1,2,129,142,2,2,0,0,0,0,0,0,0,0,0,0,1,0,1,0,0,0,0,0,0,13.611,13.157,3,119.0,C,NCTL,ND,-2.7192812270679436,5.323114832546798
